1,Raymond Casey,raymond3349@yahoo.com,user,user123,Mumbai
3,Brian Davis,brian1011@outlook.com,user,user123,Bangalore
4,zachary steele,zachary622@gmail.com,user,user123,Hyderabad
5,Gary Wiley,gary8200@test.com,admin,admin123,Delhi
6,Jennifer Lowe,jennifer2369@company.com,user,user123,Mumbai
7,Jacob Randall,jacob1599@outlook.com,user,user123,Pune
8,Scott Phillips,scott816@company.com,user,user123,Bangalore
9,GRACE MILLER,grace819@mail.com,user,user123,Hyderabad
10,BRIAN ROACH,brian3003@outlook.com,user,user123,Delhi
11,Nicholas Taylor,nicholas6649@mail.com,user,user123,Mumbai
12,Tyler Torres,tyler7836@outlook.com,user,user123,Pune
13,crystal blanchard,crystal2562@gmail.com,user,user123,Bangalore
14,Jared Williams,jared8775@outlook.com,user,user123,Hyderabad
15,Michael Adams,michael7310@company.com,user,user123,Delhi
16,Joshua Jackson,joshua8595@gmail.com,user,user123,Mumbai
17,Mr. Devin Howard,mr.9952@mail.com,user,user123,Pune
18,Alison Rodriguez,alison2646@gmail.com,user,user123,Bangalore
19,Angelica Davis,angelica8287@gmail.com,user,user123,Hyderabad
20,David Johnson,david60@test.com,user,user123,Delhi
21,Antonio Williams,antonio9791@gmail.com,user,user123,Mumbai
22,Alyssa Jackson,alyssa1972@gmail.com,user,user123,Pune
23,Sherri Hunt,sherri910@gmail.com,user,user123,Bangalore
24,Angela Vincent,angela7023@outlook.com,user,user123,Hyderabad
25,Cheryl Strickland,cheryl1805@mail.com,user,user123,Delhi
26,Philip Watson,philip9449@test.com,user,user123,Mumbai
27,Mrs. Becky Franklin,mrs.5686@mail.com,user,user123,Pune
28,Lisa Mcdowell,lisa8799@company.com,user,user123,Bangalore
29,Tyler Campbell,tyler9977@gmail.com,user,user123,Hyderabad
31,Kristina Carter,kristina5923@mail.com,user,user123,Mumbai
32,jonathan salas,jonathan8984@company.com,user,user123,Pune
33,Rachael Rodriguez,rachael6840@outlook.com,user,user123,Bangalore
34,Mrs. Beth Richardson DDS,mrs.4249@test.com,user,user123,Hyderabad
35,Jim Sampson,jim2963@gmail.com,user,user123,Delhi
36,Jason Francis,jason6084@mail.com,user,user123,Mumbai
37,Samuel Jones,samuel6063@gmail.com,user,user123,Pune
38,anthony garrett,anthony628@mail.com,user,user123,Bangalore
39,Michele Carter,michele1872@test.com,user,user123,Hyderabad
40,Charles Mejia,charles5842@mail.com,user,user123,Delhi
41,CYNTHIA HAYES,cynthia4987@company.com,user,user123,Mumbai
42,Janet Payne,janet6610@company.com,user,user123,Pune
43,Joel Rhodes,joel1361@company.com,user,user123,Bangalore
44,Tommy Hall DVM,tommy1068@yahoo.com,user,user123,Hyderabad
45,Teresa Brown,teresa7608@company.com,user,user123,Delhi
46,Sandra Lopez,sandra2269@mail.com,user,user123,Mumbai
47,Tara Lopez,tara3007@test.com,user,user123,Pune
48,Marvin Martin,marvin3318@yahoo.com,user,user123,Bangalore
49,Amber Brown MD,amber8674@gmail.com,user,user123,Hyderabad
50,Angela Powers,angela8976@outlook.com,user,user123,Delhi
52,Anthony Adams,anthony843@gmail.com,user,user123,Pune
53,Bradley Salazar,bradley8526@mail.com,user,user123,Bangalore
54,WILLIAM BALL,william7940@gmail.com,user,user123,Hyderabad
55,Lauren Kennedy,lauren4331@outlook.com,user,user123,Delhi
56,Cameron Martinez,cameron3732@test.com,user,user123,Mumbai
57,Adam Henderson,adam9926@yahoo.com,user,user123,Pune
58,Laura Cruz,laura5256@test.com,user,user123,Bangalore
59,Kristina Smith,kristina6567@yahoo.com,user,user123,Hyderabad
60,Charles Wolf,charles1342 @ gmail.com,user,user123,Delhi
61,JASON PONCE,jason6778@test.com,user,user123,Mumbai
62,maria casey,maria9793@yahoo.com,user,user123,Pune
63,John Munoz,john6508@company.com,user,user123,Bangalore
65,Bill Knight,bill5147@test.com,user,user123,Delhi
66,Kimberly Mendez,kimberly154@outlook.com,user,user123,Mumbai
67,Brenda Smith,brenda891@mail.com,user,user123,Pune
68,Christy Wilson,christy2786@mail.com,user,user123,Bangalore
69,Jeanne Parks,jeanne3178@outlook.com,user,user123,Hyderabad
70,Adrienne Thomas,adrienne3207@outlook.com,user,user123,Delhi
71,Brett Perez,brett6292@gmail.com,user,user123,Mumbai
72,Jacob Tucker,jacob4370@gmail.com,user,user123,Pune
73,Aaron Allen MD,aaron3332@company.com,user,user123,Bangalore
74,Dawn Ray,dawn8678@company.com,user,user123,Hyderabad
75,Jeremy Price,jeremy9568@yahoo.com,user,user123,Delhi
76,Richard Osborne,richard5484@outlook.com,user,user123,Mumbai
77,Dennis Williams,dennis1326@mail.com,user,user123,Pune
78,Kyle Davis,kyle1884@yahoo.com,user,user123,Bangalore
79,TIMOTHY SKINNER,timothy6685@company.com,user,user123,Hyderabad
80,John Reed,john412@test.com,user,user123,Delhi
81,William Hall,william5721@outlook.com,user,user123,Mumbai
82,Carlos Reyes,carlos3863@outlook.com,user,user123,Pune
83,Stephen Garrison,stephen7344@mail.com,user,user123,Bangalore
84,Kelsey Mccormick,kelsey4048@test.com,user,user123,Hyderabad
85,LYNN HUYNH,lynn8782@outlook.com,user,user123,Delhi
86,Joyce Rosales,joyce9359@mail.com,user,user123,Mumbai
87,NANCY WOLF,nancy4205@company.com,user,user123,Pune
88,Michael Davis,michael8958@gmail.com,user,user123,Bangalore
89,Jennifer Bartlett,jennifer4888@mail.com,user,user123,Hyderabad
90,Ms. Elizabeth Estes,ms.9644@test.com,user,user123,Delhi
91,Margaret Guerra,margaret4942@company.com,user,user123,Mumbai
92,Meghan Odom,meghan4289 @ outlook.com,user,user123,Pune
93,Steven Salas,steven1961@outlook.com,user,user123,Bangalore
94,David Costa,david3539@mail.com,user,user123,Hyderabad
95,Alexandra Burnett,alexandra8366@yahoo.com,user,user123,Delhi
96,KENNETH LAM,kenneth1647@mail.com,user,user123,Mumbai
97,Grace Torres,grace7608@outlook.com,user,user123,Pune
98,Patricia Larson,patricia9764@outlook.com,user,user123,Bangalore
99,Bryan Wright,bryan7049@yahoo.com,user,user123,Hyderabad
100,Barbara Bates,barbara678@mail.com,user,user123,Delhi
101,Meagan Garcia,meagan1374@test.com,user,user123,Mumbai
102,Jordan Hunt,jordan2924@yahoo.com,user,user123,Pune
103,Jennifer Williams,jennifer6678@test.com,user,user123,Bangalore
104,Karen Schultz,karen3919@gmail.com,user,user123,Hyderabad
105,Jeffrey Glenn,jeffrey2090@yahoo.com,user,user123,Delhi
106,Carla Neal,carla4969@mail.com,user,user123,Mumbai
107,Noah Lee,noah9991@gmail.com,user,user123,Pune
108,Joshua Osborn,joshua7807@mail.com,user,user123,Bangalore
109,Andrew Whitney,andrew6753@company.com,user,user123,Hyderabad
110,Brian Summers,brian7111@test.com,user,user123,Delhi
112,Anthony Schaefer,anthony365@company.com,user,user123,Pune
114,Sergio Brooks,sergio2798@test.com,user,user123,Hyderabad
115,Scott Davidson,scott8242@outlook.com,user,user123,Delhi
116,tami garcia,tami7280@company.com,user,user123,Mumbai
117,Stephanie Silva,stephanie5879@mail.com,user,user123,Pune
118,Thomas Espinoza,thomas7186@yahoo.com,user,user123,Bangalore
119,Steven Holder,steven7060@outlook.com,user,user123,Hyderabad
120,Alison Cox,alison4060@outlook.com,user,user123,Delhi
121,Sandy Ramsey,sandy1507@yahoo.com,user,user123,Mumbai
124,Meagan Church DDS,meagan8744@gmail.com,user,user123,Hyderabad
125,Denise Clark,denise2274@mail.com,user,user123,Delhi
126,Aaron Lee,aaron2263@gmail.com,user,user123,Mumbai
127,daniel foster,daniel772@mail.com,user,user123,Pune
128,Louis Gibson,louis6073 @ test.com,user,user123,Bangalore
129,Darrell Logan,darrell5008@mail.com,user,user123,Hyderabad
130,Lisa Parsons,lisa4629@yahoo.com,user,user123,Delhi
131,Mitchell Howard,mitchell3100@gmail.com,user,user123,Mumbai
132,Lisa Duran,lisa9014@company.com,user,user123,Pune
133,Sarah Flores,sarah8572@company.com,user,user123,Bangalore
134,JOSHUA ROSS,joshua7837@yahoo.com,user,user123,Hyderabad
135,Leslie Smith,leslie8491@yahoo.com,user,user123,Delhi
136,Thomas Reynolds,thomas6892@yahoo.com,user,user123,Mumbai
137,joseph page,joseph6405@mail.com,user,user123,Pune
138,James Walker,james2123@mail.com,user,user123,Bangalore
139,Tiffany Banks,tiffany6887@yahoo.com,user,user123,Hyderabad
140,Raymond Delgado,raymond2918@test.com,user,user123,Delhi
141,Karen Garcia,karen2206@company.com,user,user123,Mumbai
142,Larry Ramirez,larry738@gmail.com,user,user123,Pune
143,Kevin Powell,kevin470@mail.com,user,user123,Bangalore
144,Zachary Vargas,zachary5584@gmail.com,user,user123,Hyderabad
145,Michael Beasley,michael3874@yahoo.com,user,user123,Delhi
146,Rita Munoz,rita7857@outlook.com,user,user123,Mumbai
147,Tyler Price,tyler7090@outlook.com,user,user123,Pune
148,Michael Taylor,michael3149@gmail.com,user,user123,Bangalore
149,Shannon Vang,shannon5881@mail.com,user,user123,Hyderabad
150,richard shannon,richard3076@yahoo.com,user,user123,Delhi
151,Morgan Rowland,morgan7244@yahoo.com,user,user123,Mumbai
152,Garrett Park,garrett6031@test.com,user,user123,Pune
153,sharon gutierrez,sharon5222@outlook.com,user,user123,Bangalore
154,Lisa Martin,lisa6323@outlook.com,user,user123,Hyderabad
155,Bryan Schmidt,bryan6811@mail.com,user,user123,Delhi
157,Penny Bishop,penny5478@company.com,user,user123,Pune
158,kathleen smith,kathleen2646@mail.com,user,user123,Bangalore
159,Danielle Miller,danielle5535@mail.com,user,user123,Hyderabad
160,Angela Marquez,angela3552@yahoo.com,user,user123,Delhi
161,JESSICA PEREZ,jessica344@test.com,user,user123,Mumbai
162,Julie Rogers,julie9265@outlook.com,user,user123,Pune
163,Julia Salas,julia4075@yahoo.com,user,user123,Bangalore
164,Johnathan Peterson,johnathan417@mail.com,user,user123,Hyderabad
165,Mary Ellis,mary9062@company.com,user,user123,Delhi
167,Jennifer Cooper,jennifer2070@gmail.com,user,user123,Pune
168,Amanda Cordova,amanda6571@mail.com,user,user123,Bangalore
169,Bonnie Cortez,bonnie3124@outlook.com,user,user123,Hyderabad
170,Michael Price,michael3730@gmail.com,user,user123,Delhi
172,Jack Williams,jack8460@company.com,user,user123,Pune
173,Robert Herrera,robert9285@outlook.com,user,user123,Bangalore
174,Madison Wheeler,madison398@test.com,user,user123,Hyderabad
175,JOSE RANDALL,jose3265@outlook.com,user,user123,Delhi
176,Ricky Dillon,ricky3624@yahoo.com,user,user123,Mumbai
177,Anthony Saunders,anthony9006@yahoo.com,user,user123,Pune
178,Christian Mccarthy,christian3283@gmail.com,user,user123,Bangalore
179,Connie Kennedy,connie2164@yahoo.com,user,user123,Hyderabad
180,Tracy Keith,tracy7019@yahoo.com,user,user123,Delhi
181,Gerald Evans,gerald7530@company.com,user,user123,Mumbai
182,Christopher Lewis,christopher7121@company.com,user,user123,Pune
183,Jose Williams,jose7218@test.com,user,user123,Bangalore
184,Alexander Weiss,alexander9575 @ outlook.com,user,user123,Hyderabad
185,Heidi Hutchinson,heidi8709@gmail.com,user,user123,Delhi
186,Laura Wolfe,laura1736@outlook.com,user,user123,Mumbai
187,Nicole Russo,nicole3800@test.com,user,user123,Pune
188,Cynthia Patel,cynthia6429@outlook.com,user,user123,Bangalore
189,John Nunez,john16@outlook.com,user,user123,Hyderabad
190,Jackie Valenzuela,jackie6041@gmail.com,user,user123,Delhi
191,Sarah Taylor,sarah2629@mail.com,user,user123,Mumbai
192,Caitlin Smith,caitlin2963@gmail.com,user,user123,Pune
193,Elizabeth Moore,elizabeth4579@mail.com,user,user123,Bangalore
194,CHARLES PEREZ,charles578@company.com,user,user123,Hyderabad
195,John Hopkins,john9621@yahoo.com,user,user123,Delhi
196,Peter Walker,peter4147@yahoo.com,user,user123,Mumbai
197,Marie Compton,marie5141@outlook.com,user,user123,Pune
198,Tiffany Hubbard,tiffany65@test.com,user,user123,Bangalore
199,Gabrielle White,gabrielle96@test.com,user,user123,Hyderabad
200,Richard Richards,richard9568@mail.com,user,user123,Delhi
201,Roger Parker,roger6236@mail.com,user,user123,Mumbai
202,Joshua Welch,joshua4224@yahoo.com,user,user123,Pune
203,Jeffrey Cameron,jeffrey8411@mail.com,user,user123,Bangalore
204,Kim Hart,kim1472@mail.com,user,user123,Hyderabad
205,Daniel Greene,daniel6611@outlook.com,user,user123,Delhi
207,Krista Curry,krista2484@outlook.com,user,user123,Pune
208,Michelle Miller,michelle3290 @ mail.com,user,user123,Bangalore
209,Paul Barnes,paul8461@mail.com,user,user123,Hyderabad
210,Victoria Lewis,victoria7988@gmail.com,user,user123,Delhi
211,Christian Watson,christian9782@mail.com,user,user123,Mumbai
212,Todd Williams,todd5057@company.com,user,user123,Pune
213,Victoria Wheeler,victoria4517 @ yahoo.com,user,user123,Bangalore
215,Savannah Johnson,savannah3470@company.com,user,user123,Delhi
216,GABRIELLE COX,gabrielle7317@gmail.com,user,user123,Mumbai
217,Ronald Rogers,ronald7258@test.com,user,user123,Pune
218,Mr. Matthew Watson,mr.8397@gmail.com,user,user123,Bangalore
219,Paul Scott,paul1041@mail.com,user,user123,Hyderabad
220,Jessica Kennedy,jessica383@gmail.com,user,user123,Delhi
221,WILLIAM WARD,william6762 @ gmail.com,user,user123,Mumbai
222,James Morgan,james1795@gmail.com,user,user123,Pune
223,Deborah Brandt,deborah9671@outlook.com,user,user123,Bangalore
224,Dawn Singh,dawn5553@gmail.com,user,user123,Hyderabad
225,christopher gonzalez,christopher8923@gmail.com,user,user123,Delhi
227,Michelle Johnston,michelle4307@outlook.com,user,user123,Pune
228,James Fernandez,james9781@yahoo.com,user,user123,Bangalore
229,Sandra Long,sandra2249@gmail.com,user,user123,Hyderabad
230,Michael Chapman,michael4220@mail.com,user,user123,Delhi
231,Eric Mendoza,eric2335@mail.com,user,user123,Mumbai
232,Robert Baker,robert2578@company.com,user,user123,Pune
233,Monique Mcdowell,monique4031@mail.com,user,user123,Bangalore
234,Daniel Martinez,daniel4823@gmail.com,user,user123,Hyderabad
235,casey davis,casey6562@yahoo.com,user,user123,Delhi
237,Kevin Carter,kevin2566@company.com,user,user123,Pune
238,Jonathon Wolf,jonathon4561@mail.com,user,user123,Bangalore
239,Juan Rice,juan3086 @ mail.com,user,user123,Hyderabad
240,Charlene Turner,charlene1041@test.com,user,user123,Delhi
241,Angela Torres,angela4568@test.com,user,user123,Mumbai
242,Melanie Morris,melanie9185@gmail.com,user,user123,Pune
243,Dustin Young PhD,dustin5417@company.com,user,user123,Bangalore
244,Luis Fletcher,luis1158@yahoo.com,user,user123,Hyderabad
245,Kristen Burns,kristen927@yahoo.com,user,user123,Delhi
246,Rebecca Bernard,rebecca1176@mail.com,user,user123,Mumbai
247,Mr. Zachary Rocha,mr.1872@company.com,user,user123,Pune
248,Carol Houston,carol4396@company.com,user,user123,Bangalore
249,Anthony Green,anthony5721 @ mail.com,user,user123,Hyderabad
250,Daniel Browning,daniel1076@mail.com,user,user123,Delhi
251,George Tucker,george6661@mail.com,user,user123,Mumbai
252,Holly Duffy,holly8749@yahoo.com,user,user123,Pune
253,Tommy Scott,tommy1513@outlook.com,user,user123,Bangalore
254,Kelly Schwartz,kelly4028@gmail.com,user,user123,Hyderabad
255,Crystal Moreno,crystal4901@yahoo.com,user,user123,Delhi
256,Steven Alvarez,steven2629@gmail.com,user,user123,Mumbai
257,april romero,april642@gmail.com,user,user123,Pune
258,Brett Delgado,brett1003@test.com,user,user123,Bangalore
259,Chad Williams,chad618@gmail.com,user,user123,Hyderabad
260,Thomas Cruz,thomas9086@test.com,user,user123,Delhi
261,James Mills,james4490@company.com,user,user123,Mumbai
262,Jose Perkins,jose5497@test.com,user,user123,Pune
263,Mr. Bobby Wilkerson,mr.5141@mail.com,user,user123,Bangalore
264,Charles Lopez,charles1078@yahoo.com,user,user123,Hyderabad
265,Patricia Cervantes,patricia9832@test.com,user,user123,Delhi
266,Jon Marsh,jon3686@company.com,user,user123,Mumbai
267,Kenneth Rasmussen,kenneth2498@outlook.com,user,user123,Pune
269,Scott Melton,scott8692@yahoo.com,user,user123,Hyderabad
270,Johnathan Hoffman,johnathan6792@test.com,user,user123,Delhi
271,Suzanne Quinn,suzanne6757@yahoo.com,user,user123,Mumbai
272,Stacey Garrison,stacey5086@outlook.com,user,user123,Pune
273,Jared Moore,jared4011@company.com,user,user123,Bangalore
274,Ms. Rebecca Schneider MD,ms.9054@gmail.com,user,user123,Hyderabad
275,Jamie Holmes,jamie5393@outlook.com,user,user123,Delhi
276,Cheryl Miller,cheryl5330@test.com,user,user123,Mumbai
277,Lisa Gould,lisa9472@outlook.com,user,user123,Pune
278,mary avila,mary1886@gmail.com,user,user123,Bangalore
279,Jack Dudley,jack3788@outlook.com,user,user123,Hyderabad
280,Michael Suarez,michael8523@outlook.com,user,user123,Delhi
281,Christina Ferguson,christina5580@mail.com,user,user123,Mumbai
282,Dr. Rachael Mckee,dr.9650@test.com,user,user123,Pune
283,Justin Fischer,justin2337@company.com,user,user123,Bangalore
284,Mark Allen,mark1694@yahoo.com,user,user123,Hyderabad
285,Krista Conrad,krista420@test.com,user,user123,Delhi
286,Nicole Cunningham,nicole5746@mail.com,user,user123,Mumbai
287,Michael Mason,michael4962@mail.com,user,user123,Pune
288,Kelly Johnson,kelly1897@outlook.com,user,user123,Bangalore
289,Elizabeth Kirby,elizabeth696@yahoo.com,user,user123,Hyderabad
290,Jeffrey Brown,jeffrey5162 @ yahoo.com,user,user123,Delhi
291,Thomas Thomas,thomas5181@outlook.com,user,user123,Mumbai
293,Ryan Blair,ryan1115@test.com,user,user123,Bangalore
294,Steven Jimenez,steven7016@yahoo.com,user,user123,Hyderabad
295,Heather Mitchell,heather7166@gmail.com,user,user123,Delhi
296,Matthew Hammond,matthew6436 @ outlook.com,user,user123,Mumbai
297,JUAN RYAN,juan4217@mail.com,user,user123,Pune
298,Shannon Harris,shannon443@outlook.com,user,user123,Bangalore
299,John Gilbert,john6993@mail.com,user,user123,Hyderabad
300,Jason Benson,jason8299@company.com,user,user123,Delhi
301,Kenneth Perez,kenneth7131@test.com,user,user123,Mumbai
302,Jennifer Johnson,jennifer9042@yahoo.com,user,user123,Pune
303,Anthony Friedman,anthony1671 @ test.com,user,user123,Bangalore
304,Anthony Davis,anthony3877@company.com,user,user123,Hyderabad
305,Erika Wheeler,erika5885@mail.com,user,user123,Delhi
306,Justin Hansen,justin5073@mail.com,user,user123,Mumbai
307,Joshua Miller,joshua8479@gmail.com,user,user123,Pune
308,Lisa Brown,lisa7041@mail.com,user,user123,Bangalore
309,Keith Alvarado,keith3243@outlook.com,user,user123,Hyderabad
310,John Anderson,john8763@gmail.com,user,user123,Delhi
311,David Jimenez,david4920@gmail.com,user,user123,Mumbai
313,Pamela Medina,pamela6017@yahoo.com,user,user123,Bangalore
314,Mark Smith,mark5454@outlook.com,user,user123,Hyderabad
315,Alyssa Bullock,alyssa5866@gmail.com,user,user123,Delhi
316,Kaitlyn Deleon,kaitlyn5795@gmail.com,user,user123,Mumbai
318,Kimberly Sosa,kimberly486@yahoo.com,user,user123,Bangalore
319,nancy alvarez,nancy6401@company.com,user,user123,Hyderabad
320,PAUL CARTER,paul4356@gmail.com,user,user123,Delhi
321,Clarence Garcia,clarence2129@test.com,user,user123,Mumbai
322,Steven Moore,steven2482@gmail.com,user,user123,Pune
323,Donald Smith,donald5629@gmail.com,user,user123,Bangalore
324,Thomas Flores,thomas6449@company.com,user,user123,Hyderabad
325,Eduardo Spears,eduardo416 @ outlook.com,user,user123,Delhi
326,Elizabeth Day,elizabeth7014@gmail.com,user,user123,Mumbai
327,Carol Gomez,carol6650@outlook.com,user,user123,Pune
328,Gavin Smith,gavin5616@test.com,user,user123,Bangalore
329,Ann Gonzalez,ann7129@test.com,user,user123,Hyderabad
330,Heidi Gutierrez,heidi7536@gmail.com,user,user123,Delhi
331,Kayla Wagner,kayla6296@company.com,user,user123,Mumbai
332,Meredith Adams,meredith1658@yahoo.com,user,user123,Pune
333,Cindy Thompson,cindy4220@outlook.com,user,user123,Bangalore
334,Carla Riley,carla7186@company.com,user,user123,Hyderabad
335,Elizabeth Perry,elizabeth9928@mail.com,user,user123,Delhi
336,Joseph Soto,joseph2925@outlook.com,user,user123,Mumbai
337,Kristine Lamb,kristine9924@company.com,user,user123,Pune
338,CANDICE VALDEZ,candice2513@gmail.com,user,user123,Bangalore
340,Charles King,charles3402@outlook.com,user,user123,Delhi
341,LAURIE DUNN,laurie9905@company.com,user,user123,Mumbai
342,Julie Carroll,julie1235 @ mail.com,user,user123,Pune
344,Joann Hill,joann410@gmail.com,user,user123,Hyderabad
345,Eddie Hines,eddie2577@company.com,user,user123,Delhi
346,Randy Perry,randy1051@outlook.com,user,user123,Mumbai
347,ROBERT VALENZUELA,robert3742@gmail.com,user,user123,Pune
348,HANNAH CURTIS,hannah372@gmail.com,user,user123,Bangalore
350,Brittney Ross,brittney2175@company.com,user,user123,Delhi
351,DR. SAMANTHA LARSON,dr.7611@outlook.com,user,user123,Mumbai
352,Sandra Harrington,sandra2496@outlook.com,user,user123,Pune
353,David Carter,david8645@outlook.com,user,user123,Bangalore
354,Leah Skinner,leah344@mail.com,user,user123,Hyderabad
355,Kevin Oneal,kevin1607@test.com,user,user123,Delhi
356,Victoria Powell,victoria9613@company.com,user,user123,Mumbai
357,Cathy Rodriguez,cathy2189@gmail.com,user,user123,Pune
358,Michele Mcbride,michele5598@yahoo.com,user,user123,Bangalore
359,Chelsea Smith,chelsea9821 @ company.com,user,user123,Hyderabad
361,Daniel Cox,daniel8410@yahoo.com,user,user123,Mumbai
362,Christopher Santiago,christopher2284@yahoo.com,user,user123,Pune
363,Joshua Lang,joshua2443 @ mail.com,user,user123,Bangalore
364,Penny Robinson,penny1382@test.com,user,user123,Hyderabad
365,Dustin Hernandez,dustin6006@gmail.com,user,user123,Delhi
366,Michael Caldwell,michael7852@outlook.com,user,user123,Mumbai
368,Harry Johnson,harry5289@mail.com,user,user123,Bangalore
369,Jason Davidson Jr.,jason5417@yahoo.com,user,user123,Hyderabad
370,Catherine Kelly,catherine3345@yahoo.com,user,user123,Delhi
371,Eugene West,eugene6795@gmail.com,user,user123,Mumbai
372,Paula Cabrera,paula9791@company.com,user,user123,Pune
373,Steven Mcdaniel,steven2245@company.com,user,user123,Bangalore
374,matthew jones,matthew7652@mail.com,user,user123,Hyderabad
375,Mark Rodriguez,mark5190@yahoo.com,user,user123,Delhi
376,frank garcia,frank9853@test.com,user,user123,Mumbai
378,Valerie Thomas,valerie5715@test.com,user,user123,Bangalore
379,Ryan Lopez,ryan528@company.com,user,user123,Hyderabad
380,Jennifer Sparks,jennifer8349@yahoo.com,user,user123,Delhi
381,John Beard,john8176@test.com,user,user123,Mumbai
382,Robert Nicholson,robert2016@company.com,user,user123,Pune
383,Donald Abbott,donald9439@yahoo.com,user,user123,Bangalore
384,Cynthia Obrien,cynthia2390@test.com,user,user123,Hyderabad
385,Connie Mullen MD,connie6240@gmail.com,user,user123,Delhi
386,Sarah Fuller,sarah6636@gmail.com,user,user123,Mumbai
387,Ashley Harris,ashley3230@mail.com,user,user123,Pune
388,Karen Coleman,karen6580@yahoo.com,user,user123,Bangalore
389,David Glenn,david6665@gmail.com,user,user123,Hyderabad
390,Tracy Davis MD,tracy4859@outlook.com,user,user123,Delhi
391,John Reilly,john6663@outlook.com,user,user123,Mumbai
392,Edward Callahan,edward7243@yahoo.com,user,user123,Pune
393,Mike Preston,mike1119 @ mail.com,user,user123,Bangalore
394,Alexander Sanchez,alexander6971 @ yahoo.com,user,user123,Hyderabad
395,Jared Rodgers,jared2507@outlook.com,user,user123,Delhi
396,Brittany White,brittany4334@outlook.com,user,user123,Mumbai
397,Melinda Oliver,melinda5567@test.com,user,user123,Pune
398,Kimberly Garza,kimberly4640@mail.com,user,user123,Bangalore
399,EDWIN MENDEZ,edwin813@mail.com,user,user123,Hyderabad
400,Derek Graham,derek4623@outlook.com,user,user123,Delhi
401,BLAKE FREEMAN,blake8638@mail.com,user,user123,Mumbai
402,Mr. Jose Anderson,mr.3340 @ yahoo.com,user,user123,Pune
403,Curtis Simmons,curtis4664@yahoo.com,user,user123,Bangalore
404,Elizabeth Wilson,elizabeth9141@outlook.com,user,user123,Hyderabad
405,Steven Miller,steven5436@test.com,user,user123,Delhi
406,Anthony Rosales,anthony8601@yahoo.com,user,user123,Mumbai
407,Carlos Young,carlos5561@yahoo.com,user,user123,Pune
408,Jonathan Gilmore,jonathan2674@mail.com,user,user123,Bangalore
409,Emily Pace,emily1387@company.com,user,user123,Hyderabad
410,Megan Gonzales,megan4731@gmail.com,user,user123,Delhi
411,Alexander Wright,alexander4498@outlook.com,user,user123,Mumbai
412,Lauren Johnson,lauren5306@test.com,user,user123,Pune
414,Marissa Martin,marissa5819@company.com,user,user123,Hyderabad
415,Richard Smith,richard5803@company.com,user,user123,Delhi
416,Stephanie Barnes,stephanie8557@company.com,user,user123,Mumbai
417,Amber Parker,amber3796@test.com,user,user123,Pune
418,John Thomas,john3600@gmail.com,user,user123,Bangalore
419,James Moyer,james1828@mail.com,user,user123,Hyderabad
420,David Thomas,david9460@test.com,user,user123,Delhi
421,Theresa Ortiz,theresa1652@test.com,user,user123,Mumbai
423,Andrea Fuller,andrea2778@outlook.com,user,user123,Bangalore
424,Douglas Gonzalez,douglas3920@company.com,user,user123,Hyderabad
426,Stephanie Brown,stephanie1192@company.com,user,user123,Mumbai
427,Terry Cantu,terry1052@company.com,user,user123,Pune
428,Norma Jones,norma839@outlook.com,user,user123,Bangalore
429,Virginia Martinez,virginia5471@gmail.com,user,user123,Hyderabad
430,Andrew Bass,andrew6133@outlook.com,user,user123,Delhi
431,Aaron Anderson,aaron2294 @ outlook.com,user,user123,Mumbai
432,William Johnson,william1145@company.com,user,user123,Pune
433,CHERYL BLACK,cheryl2294@gmail.com,user,user123,Bangalore
434,Ashley Johnson,ashley6632 @ mail.com,user,user123,Hyderabad
436,Nicole Martinez,nicole254@outlook.com,user,user123,Mumbai
438,Kevin Compton,kevin6500@mail.com,user,user123,Bangalore
439,Jennifer Haney,jennifer2592@gmail.com,user,user123,Hyderabad
440,Lauren Martinez,lauren7095@gmail.com,user,user123,Delhi
441,Jeffrey Craig,jeffrey5799@yahoo.com,user,user123,Mumbai
442,Heather Stokes,heather8688@yahoo.com,user,user123,Pune
443,Robert Williams,robert1535@company.com,user,user123,Bangalore
444,Joseph Carroll,joseph1167@test.com,user,user123,Hyderabad
445,Emily Jones,emily5006@company.com,user,user123,Delhi
446,Jesse Kim,jesse6546@gmail.com,user,user123,Mumbai
447,Natalie Harris,natalie87@test.com,user,user123,Pune
448,Elizabeth Phillips,elizabeth7774@mail.com,user,user123,Bangalore
449,Mary Raymond,mary6214@test.com,user,user123,Hyderabad
450,Joshua Russo,joshua2309@outlook.com,user,user123,Delhi
451,luis wright,luis4889@outlook.com,user,user123,Mumbai
452,Linda Williams,linda7880@test.com,user,user123,Pune
453,Diana Miranda,diana1546@mail.com,user,user123,Bangalore
454,Debra Perez,debra4147@gmail.com,user,user123,Hyderabad
455,Deborah Escobar,deborah6009@mail.com,user,user123,Delhi
456,Sara Rice,sara8738@company.com,user,user123,Mumbai
457,William Clark,william6986@test.com,user,user123,Pune
458,Anthony Williams,anthony8364@test.com,user,user123,Bangalore
459,Joshua Kirk,joshua1882@yahoo.com,user,user123,Hyderabad
460,Jonathan Pearson,jonathan5654@outlook.com,user,user123,Delhi
461,Elizabeth Gates,elizabeth5472@yahoo.com,user,user123,Mumbai
462,Haley Estrada,haley3931@company.com,user,user123,Pune
463,John Adams,john5471@gmail.com,user,user123,Bangalore
464,Kathleen Hawkins,kathleen5605@gmail.com,user,user123,Hyderabad
465,Michael Green,michael6741@outlook.com,user,user123,Delhi
466,Megan Sullivan,megan3393@yahoo.com,user,user123,Mumbai
468,Steven Cross,steven7135@mail.com,user,user123,Bangalore
469,Bailey Sellers,bailey8174@outlook.com,user,user123,Hyderabad
470,Susan Ferguson,susan824@outlook.com,user,user123,Delhi
471,Mr. Richard Graham,mr.7572@test.com,user,user123,Mumbai
472,Ethan Levy,ethan5264@company.com,user,user123,Pune
473,Matthew Castaneda,matthew8902@mail.com,user,user123,Bangalore
474,Angel Hunter,angel5157@mail.com,user,user123,Hyderabad
475,Daniel Lane,daniel838 @ company.com,user,user123,Delhi
476,Joshua Freeman,joshua5717@mail.com,user,user123,Mumbai
477,Dr. Mariah Hughes,dr.2098@mail.com,user,user123,Pune
478,Chelsea Jackson,chelsea8100@test.com,user,user123,Bangalore
479,Stephanie Pope,stephanie6310@yahoo.com,user,user123,Hyderabad
480,Tamara Duncan,tamara5821@yahoo.com,user,user123,Delhi
481,Lisa Chaney,lisa6020@outlook.com,user,user123,Mumbai
482,JESSICA MENDOZA,jessica5751@mail.com,user,user123,Pune
484,Christine Lin,christine3151@yahoo.com,user,user123,Hyderabad
485,Miss Diane Espinoza,miss3086@test.com,user,user123,Delhi
486,Sara Molina,sara609@gmail.com,user,user123,Mumbai
487,Anna Beard,anna2095@outlook.com,user,user123,Pune
488,Alicia Hall,alicia2341@test.com,user,user123,Bangalore
489,Vicki Marsh,vicki3108@mail.com,user,user123,Hyderabad
490,Donald Snyder,donald6538@mail.com,user,user123,Delhi
491,Calvin King,calvin3012@company.com,user,user123,Mumbai
492,Victoria Coleman,victoria1552@mail.com,user,user123,Pune
493,Christine Collins,christine8838@gmail.com,user,user123,Bangalore
494,Brenda Vazquez,brenda4941@gmail.com,user,user123,Hyderabad
495,Kenneth Stephens,kenneth6427@gmail.com,user,user123,Delhi
496,Jacqueline Mccann,jacqueline9030@test.com,user,user123,Mumbai
497,Hunter Hernandez,hunter5837@test.com,user,user123,Pune
498,Jason Perez,jason4416@gmail.com,user,user123,Bangalore
499,Brian Harrison,brian1380@outlook.com,user,user123,Hyderabad
500,Mark Clayton,mark9761@mail.com,user,user123,Delhi
501,Jennifer Reyes,jennifer4429@gmail.com,user,user123,Mumbai
502,Robert Olson,robert7648@yahoo.com,user,user123,Pune
503,William Lyons,william6292@company.com,user,user123,Bangalore
504,Jennifer Murray,jennifer4693@company.com,user,user123,Hyderabad
505,Randall Wood,randall6168@gmail.com,user,user123,Delhi
506,Danielle Thompson,danielle3665@company.com,user,user123,Mumbai
507,Daniel Johnston,daniel5926@outlook.com,user,user123,Pune
508,Shannon Sexton,shannon7380@yahoo.com,user,user123,Bangalore
509,Linda Nelson,linda4024@outlook.com,user,user123,Hyderabad
510,Angel Morgan,angel5324@test.com,user,user123,Delhi
511,Elizabeth Oliver,elizabeth4984@mail.com,user,user123,Mumbai
512,Willie Pittman,willie956@test.com,user,user123,Pune
513,Matthew Jenkins,matthew5204@test.com,user,user123,Bangalore
514,Eric Taylor,eric788@mail.com,user,user123,Hyderabad
515,Henry Morris,henry7911@mail.com,user,user123,Delhi
516,Brian Brown,brian7623@test.com,user,user123,Mumbai
517,Joanna Jones,joanna3686@outlook.com,user,user123,Pune
518,Jeffrey Jennings,jeffrey3572@company.com,user,user123,Bangalore
519,Teresa House,teresa1671@gmail.com,user,user123,Hyderabad
520,Frank Patton,frank1704@mail.com,user,user123,Delhi
521,Dr. Ana Smith DDS,dr.462@yahoo.com,user,user123,Mumbai
522,Donna Moore,donna3091@yahoo.com,user,user123,Pune
523,Larry Crosby,larry3116@mail.com,user,user123,Bangalore
524,Maria Hebert,maria7332@gmail.com,user,user123,Hyderabad
525,Leslie Riggs,leslie8522@gmail.com,user,user123,Delhi
526,Emily Jimenez,emily527@outlook.com,user,user123,Mumbai
527,Miss Kathleen Chavez,miss4466@yahoo.com,user,user123,Pune
528,AMANDA BAKER,amanda5137@outlook.com,user,user123,Bangalore
529,Mark Elliott,mark4840@test.com,user,user123,Hyderabad
530,Rebecca Robinson,rebecca3545 @ company.com,user,user123,Delhi
531,Thomas Weber,thomas461@test.com,user,user123,Mumbai
532,toni smith,toni6331@outlook.com,user,user123,Pune
533,Joanna Valdez,joanna6031@company.com,user,user123,Bangalore
534,Jay Dickerson,jay4069@mail.com,user,user123,Hyderabad
535,tina matthews,tina2976@test.com,user,user123,Delhi
536,Alyssa Wood,alyssa4468@mail.com,user,user123,Mumbai
537,Allison Mclaughlin,allison9389@mail.com,user,user123,Pune
538,Vincent Henry,vincent539@yahoo.com,user,user123,Bangalore
540,William Collins,william255 @ mail.com,user,user123,Delhi
541,David Mcbride,david2688@yahoo.com,user,user123,Mumbai
543,JOHNATHAN TURNER,johnathan4449@outlook.com,user,user123,Bangalore
544,Jeffrey Swanson,jeffrey128@gmail.com,user,user123,Hyderabad
545,David Duncan,david6001@company.com,user,user123,Delhi
546,Richard Todd,richard7593@test.com,user,user123,Mumbai
547,Angela Hardy,angela2703@yahoo.com,user,user123,Pune
548,ms. loretta flores,ms.4215@yahoo.com,user,user123,Bangalore
549,Jose Griffin,jose4437@gmail.com,user,user123,Hyderabad
551,Brenda Pearson,brenda6719@yahoo.com,user,user123,Mumbai
552,Olivia Palmer,olivia945@yahoo.com,user,user123,Pune
553,James Hatfield,james7502@test.com,user,user123,Bangalore
554,CASEY CHEN,casey5255@company.com,user,user123,Hyderabad
555,Suzanne Castillo,suzanne844@test.com,user,user123,Delhi
556,Joseph Andrews,joseph1408@test.com,user,user123,Mumbai
557,Ricky Price,ricky4497@gmail.com,user,user123,Pune
558,Joseph Sanders,joseph2724@mail.com,user,user123,Bangalore
559,James Hamilton,james5034@gmail.com,user,user123,Hyderabad
560,Gary Boyd,gary9442@test.com,user,user123,Delhi
561,Tyler Miller,tyler4484@mail.com,user,user123,Mumbai
562,Stephanie Davis,stephanie3674@outlook.com,user,user123,Pune
563,Eric Lee,eric9379@mail.com,user,user123,Bangalore
564,William Hernandez,william4098@mail.com,user,user123,Hyderabad
565,Amy Murphy,amy9925@yahoo.com,user,user123,Delhi
566,Charles Martinez,charles2764@company.com,user,user123,Mumbai
568,Michael Fernandez,michael1534@outlook.com,user,user123,Bangalore
569,Natalie Carpenter,natalie3233 @ gmail.com,user,user123,Hyderabad
570,Kari Lewis,kari216@company.com,user,user123,Delhi
571,bethany murillo,bethany4208@company.com,user,user123,Mumbai
572,Corey Perez,corey6225@mail.com,user,user123,Pune
573,Anthony Whitney,anthony3755@yahoo.com,user,user123,Bangalore
574,Angela Smith DDS,angela1314@yahoo.com,user,user123,Hyderabad
575,Christopher Johnson,christopher6064 @ test.com,user,user123,Delhi
576,BILLY LEE,billy3428@gmail.com,user,user123,Mumbai
577,Kayla Walker,kayla6332@yahoo.com,user,user123,Pune
578,Brandon Ritter,brandon6949@test.com,user,user123,Bangalore
579,Amanda Martin,amanda2927 @ yahoo.com,user,user123,Hyderabad
580,Carolyn Tyler,carolyn9620@gmail.com,user,user123,Delhi
581,Mr. Patrick Rodriguez MD,mr.9176@company.com,user,user123,Mumbai
582,Lisa Campbell,lisa424@company.com,user,user123,Pune
583,Ashley Myers,ashley7129@yahoo.com,user,user123,Bangalore
584,Andrew Lopez,andrew2877@yahoo.com,user,user123,Hyderabad
585,Patricia Frank,patricia217@yahoo.com,user,user123,Delhi
586,philip myers,philip3711@test.com,user,user123,Mumbai
587,Alvin Dixon,alvin5110@mail.com,user,user123,Pune
588,Carrie Serrano,carrie4374@test.com,user,user123,Bangalore
589,Jill Reid,jill4776@company.com,user,user123,Hyderabad
590,Rodney Good,rodney641@mail.com,user,user123,Delhi
591,Elizabeth Martin,elizabeth2958@company.com,user,user123,Mumbai
592,Kyle Martinez,kyle9154 @ mail.com,user,user123,Pune
593,Jessica Reed,jessica4483@mail.com,user,user123,Bangalore
594,Jasmine Oliver,jasmine3286@test.com,user,user123,Hyderabad
595,Isabel Wilson,isabel5842@company.com,user,user123,Delhi
596,Elizabeth Hanson,elizabeth3465@gmail.com,user,user123,Mumbai
597,Sarah Barrera,sarah2599@gmail.com,user,user123,Pune
598,Jacob Booth,jacob5824@yahoo.com,user,user123,Bangalore
599,Paul Russell,paul1372@company.com,user,user123,Hyderabad
600,Holly Gallegos,holly4334@yahoo.com,user,user123,Delhi
601,Catherine Martinez,catherine3921@yahoo.com,user,user123,Mumbai
602,Kimberly Smith,kimberly2476@gmail.com,user,user123,Pune
603,Patricia Phillips,patricia7591@yahoo.com,user,user123,Bangalore
604,Lauren Baird,lauren9780@gmail.com,user,user123,Hyderabad
605,Michael Ortiz,michael2897@mail.com,user,user123,Delhi
606,Stephanie Young,stephanie3757@outlook.com,user,user123,Mumbai
607,Steve Davis,steve8566@gmail.com,user,user123,Pune
608,Daniel Everett,daniel5468@company.com,user,user123,Bangalore
609,Kevin Hawkins,kevin7065@yahoo.com,user,user123,Hyderabad
610,Patrick Weeks Jr.,patrick9388@test.com,user,user123,Delhi
611,Travis Martinez,travis5622@company.com,user,user123,Mumbai
612,Dawn Vincent,dawn7304@company.com,user,user123,Pune
613,Cathy Jones,cathy4603@yahoo.com,user,user123,Bangalore
614,Jenna Smith,jenna1836@yahoo.com,user,user123,Hyderabad
615,Michael Flores,michael4775@outlook.com,user,user123,Delhi
616,Mr. Nathaniel Adkins,mr.9612 @ test.com,user,user123,Mumbai
617,Roy Jones,roy3287@mail.com,user,user123,Pune
618,Jeremy Sanchez,jeremy1325@yahoo.com,user,user123,Bangalore
619,Maria Medina,maria4472@gmail.com,user,user123,Hyderabad
620,Lisa Mullen,lisa6730@outlook.com,user,user123,Delhi
621,Dr. Kimberly Mccarthy DDS,dr.2062@test.com,user,user123,Mumbai
622,William Byrd,william2427@outlook.com,user,user123,Pune
623,Katherine Miller,katherine2639@mail.com,user,user123,Bangalore
624,Mr. James Levy DDS,mr.9437@test.com,user,user123,Hyderabad
625,Philip Allen,philip3943@mail.com,user,user123,Delhi
626,Christopher Mullen,christopher9605@gmail.com,user,user123,Mumbai
627,JORDAN ACOSTA,jordan9099@yahoo.com,user,user123,Pune
628,Jessica Adams MD,jessica517@test.com,user,user123,Bangalore
629,Tony Rogers,tony2334@yahoo.com,user,user123,Hyderabad
630,Christopher Owens,christopher1112@mail.com,user,user123,Delhi
631,James Webb,james6541@mail.com,user,user123,Mumbai
632,Denise Eaton,denise2686@company.com,user,user123,Pune
633,Kimberly Hawkins,kimberly1331@outlook.com,user,user123,Bangalore
634,Elizabeth Andrews,elizabeth1100@mail.com,user,user123,Hyderabad
635,Connor Fry MD,connor6069@outlook.com,user,user123,Delhi
636,Louis Forbes,louis7856@test.com,user,user123,Mumbai
637,Melissa Dawson,melissa2903@outlook.com,user,user123,Pune
638,Sonia Hansen,sonia4056@mail.com,user,user123,Bangalore
639,Christopher Lawrence,christopher3733@gmail.com,user,user123,Hyderabad
641,Matthew Williams,matthew545@gmail.com,user,user123,Mumbai
642,juan todd,juan5571@company.com,user,user123,Pune
643,Brian Chen,brian5845@test.com,user,user123,Bangalore
644,Angela Hernandez,angela1952@mail.com,user,user123,Hyderabad
645,Sarah Wilson,sarah3265@mail.com,user,user123,Delhi
646,Kristen Chavez,kristen8169@gmail.com,user,user123,Mumbai
648,Stephanie Garcia,stephanie9939@company.com,user,user123,Bangalore
649,sean curtis,sean7023@company.com,user,user123,Hyderabad
650,Lisa Hanna,lisa3114@outlook.com,user,user123,Delhi
651,Erica Stuart,erica5897 @ outlook.com,user,user123,Mumbai
652,Scott Porter,scott218@yahoo.com,user,user123,Pune
653,Martin Reese,martin63@outlook.com,user,user123,Bangalore
654,Amanda Barrett,amanda9466@outlook.com,user,user123,Hyderabad
656,Stefanie Martin,stefanie4551@outlook.com,user,user123,Mumbai
657,Veronica Love,veronica343@mail.com,user,user123,Pune
658,Logan Savage,logan11@outlook.com,user,user123,Bangalore
659,Julie Baker,julie5186@test.com,user,user123,Hyderabad
660,Pam Cunningham,pam6999@gmail.com,user,user123,Delhi
661,David Wilson,david9424@test.com,user,user123,Mumbai
662,Teresa Strong,teresa586@test.com,user,user123,Pune
663,Shelly Patel,shelly3733@gmail.com,user,user123,Bangalore
664,nicole cruz,nicole4889 @ outlook.com,user,user123,Hyderabad
665,Charles Ho Jr.,charles3326@outlook.com,user,user123,Delhi
666,Robert Cummings,robert4451@company.com,user,user123,Mumbai
667,Jacob Crane,jacob4920@outlook.com,user,user123,Pune
668,Brian Mcdonald,brian2482@company.com,user,user123,Bangalore
669,Mercedes Conrad,mercedes3715@test.com,user,user123,Hyderabad
670,Darrell Dean,darrell1911@mail.com,user,user123,Delhi
671,Patrick Saunders,patrick2338@test.com,user,user123,Mumbai
672,Christopher Lewis,christopher166@test.com,user,user123,Pune
673,Sean Li,sean3129@mail.com,user,user123,Bangalore
674,patrick holland,patrick7418@gmail.com,user,user123,Hyderabad
675,Joshua Torres,joshua1394@company.com,user,user123,Delhi
676,Monica Gonzales,monica2859@test.com,user,user123,Mumbai
677,Christopher Wolf,christopher9535@test.com,user,user123,Pune
678,Matthew Hoffman,matthew9443@mail.com,user,user123,Bangalore
679,robert rodriguez,robert6916@yahoo.com,user,user123,Hyderabad
680,Zachary Wilson,zachary5353 @ outlook.com,user,user123,Delhi
681,Gail Davenport,gail1055@gmail.com,user,user123,Mumbai
682,William Jimenez,william8779@mail.com,user,user123,Pune
683,Dennis Watson,dennis4256@mail.com,user,user123,Bangalore
684,Pedro Becker,pedro688@company.com,user,user123,Hyderabad
685,Sandra Davis,sandra428@gmail.com,user,user123,Delhi
686,Erica Smith,erica9543@test.com,user,user123,Mumbai
687,Teresa Horne MD,teresa8489@outlook.com,user,user123,Pune
690,Patricia Stevens,patricia6450@mail.com,user,user123,Delhi
691,Judy Griffin,judy6686@yahoo.com,user,user123,Mumbai
692,Kirsten Terry,kirsten3023@yahoo.com,user,user123,Pune
693,Thomas Black,thomas6166@outlook.com,user,user123,Bangalore
694,Anthony Cooper,anthony7738@company.com,user,user123,Hyderabad
695,Danny Cunningham,danny9843@test.com,user,user123,Delhi
696,Natalie Young,natalie629@outlook.com,user,user123,Mumbai
697,Megan Williams,megan3850@company.com,user,user123,Pune
698,Emily Thompson,emily8158@yahoo.com,user,user123,Bangalore
699,Michelle Martin,michelle1568@yahoo.com,user,user123,Hyderabad
700,Pamela Ingram,pamela9014@test.com,user,user123,Delhi
701,Ryan Hill,ryan3082@gmail.com,user,user123,Mumbai
702,Chelsea Choi,chelsea5140@company.com,user,user123,Pune
703,Benjamin Jennings,benjamin5314@outlook.com,user,user123,Bangalore
704,MATTHEW HILL,matthew2378@yahoo.com,user,user123,Hyderabad
705,Lawrence Harvey,lawrence6591@company.com,user,user123,Delhi
706,Cynthia Roth,cynthia167@yahoo.com,user,user123,Mumbai
707,darryl moore,darryl8230@test.com,user,user123,Pune
708,Linda Lewis,linda4629@yahoo.com,user,user123,Bangalore
709,sarah kent,sarah8485@outlook.com,user,user123,Hyderabad
710,Larry Hayes,larry6646@test.com,user,user123,Delhi
711,John Perry,john8309@mail.com,user,user123,Mumbai
712,BRIANA DUKE,briana9722@mail.com,user,user123,Pune
713,Brian Graves,brian5874@mail.com,user,user123,Bangalore
714,Barbara Baker,barbara5141@yahoo.com,user,user123,Hyderabad
715,Robert Taylor,robert6162@outlook.com,user,user123,Delhi
716,Mary Davis,mary8460@company.com,user,user123,Mumbai
717,Charles Wood,charles4705@yahoo.com,user,user123,Pune
718,Brandon Morris,brandon8475@gmail.com,user,user123,Bangalore
719,Amanda Daniel MD,amanda6768@mail.com,user,user123,Hyderabad
720,Pedro Ray,pedro3087@test.com,user,user123,Delhi
721,Barbara Sandoval PhD,barbara8996@yahoo.com,user,user123,Mumbai
722,Kayla Chase,kayla9401@test.com,user,user123,Pune
723,Penny Black,penny3136@test.com,user,user123,Bangalore
724,Robert Zamora,robert1030@company.com,user,user123,Hyderabad
726,Jonathan Hensley,jonathan4123@outlook.com,user,user123,Mumbai
727,Anna Crosby,anna1025@test.com,user,user123,Pune
728,Bruce Lopez,bruce7264@yahoo.com,user,user123,Bangalore
729,Derrick Collier,derrick9774@gmail.com,user,user123,Hyderabad
730,Gabriela Mckinney,gabriela1994@gmail.com,user,user123,Delhi
731,tiffany mullen,tiffany1198@company.com,user,user123,Mumbai
732,Shannon Mills,shannon8679@mail.com,user,user123,Pune
733,Patricia Nelson,patricia8021@gmail.com,user,user123,Bangalore
734,Pamela Palmer,pamela1019@yahoo.com,user,user123,Hyderabad
735,Jeremy Ruiz,jeremy2048@mail.com,user,user123,Delhi
736,Robin Barnes,robin5006@test.com,user,user123,Mumbai
737,Gary Davis,gary8171@outlook.com,user,user123,Pune
738,Jennifer Tucker,jennifer4291@test.com,user,user123,Bangalore
739,Brandon Hernandez,brandon8594@mail.com,user,user123,Hyderabad
740,Kendra Cox,kendra4466@test.com,user,user123,Delhi
742,Justin Peters,justin7476@mail.com,user,user123,Pune
743,Sheryl Guerrero,sheryl4902@company.com,user,user123,Bangalore
744,Lauren Collins,lauren9350@company.com,user,user123,Hyderabad
745,Andrea Smith,andrea114@yahoo.com,user,user123,Delhi
746,Levi Stevenson,levi2122@test.com,user,user123,Mumbai
747,Chloe Mason,chloe357@outlook.com,user,user123,Pune
748,Dean Montes,dean2267@test.com,user,user123,Bangalore
749,Ryan Johnson,ryan8472 @ company.com,user,user123,Hyderabad
750,Joseph Wilson,joseph1722@yahoo.com,user,user123,Delhi
752,Kristy Burgess,kristy9496@gmail.com,user,user123,Pune
753,Nicole Sanchez,nicole6482@company.com,user,user123,Bangalore
754,John Webster,john5564@company.com,user,user123,Hyderabad
755,Jessica Craig,jessica5428@mail.com,user,user123,Delhi
756,Steven Chavez,steven9388@yahoo.com,user,user123,Mumbai
757,Dawn Martinez,dawn4033@yahoo.com,user,user123,Pune
758,Brendan Taylor,brendan7259 @ test.com,user,user123,Bangalore
759,Laura Jones,laura6242@company.com,user,user123,Hyderabad
760,Dawn Stone,dawn1680@test.com,user,user123,Delhi
761,Anthony Gallegos,anthony695@outlook.com,user,user123,Mumbai
762,Heidi Bond,heidi552@test.com,user,user123,Pune
763,Bryan Gilmore,bryan4141@outlook.com,user,user123,Bangalore
764,Amy Cox,amy5293@mail.com,user,user123,Hyderabad
765,Pamela Graves,pamela2699@company.com,user,user123,Delhi
766,Kelly Hill,kelly2485 @ test.com,user,user123,Mumbai
767,Marcus Stewart,marcus8863@test.com,user,user123,Pune
768,David Blake,david5719@company.com,user,user123,Bangalore
769,Rodney Hanson,rodney3806@company.com,user,user123,Hyderabad
771,James Martin,james1083@yahoo.com,user,user123,Mumbai
772,Lindsey Hawkins,lindsey9953@company.com,user,user123,Pune
773,Michael Jackson,michael8294@test.com,user,user123,Bangalore
774,Ray Munoz,ray1721@outlook.com,user,user123,Hyderabad
775,Victoria Allen,victoria8137@outlook.com,user,user123,Delhi
776,Tanner Atkinson,tanner7647@gmail.com,user,user123,Mumbai
777,Jeanette Hall,jeanette3428 @ gmail.com,user,user123,Pune
778,Jeffrey Johnson,jeffrey852@outlook.com,user,user123,Bangalore
779,Renee Rogers,renee4432@yahoo.com,user,user123,Hyderabad
780,nathan walker,nathan5612@mail.com,user,user123,Delhi
781,Shawna Johnson,shawna1794@company.com,user,user123,Mumbai
783,Mary Leonard,mary4133@outlook.com,user,user123,Bangalore
784,Alexis Ramirez,alexis8997@company.com,user,user123,Hyderabad
785,Nicole Mack,nicole6157@company.com,user,user123,Delhi
786,taylor nichols,taylor5985@yahoo.com,user,user123,Mumbai
787,Brenda Mccarthy,brenda7295 @ yahoo.com,user,user123,Pune
788,Michael Moore,michael5458@outlook.com,user,user123,Bangalore
789,Alexis Mendez,alexis9875@mail.com,user,user123,Hyderabad
790,Brent Ho,brent1029@gmail.com,user,user123,Delhi
791,tammy murphy,tammy5628@mail.com,user,user123,Mumbai
793,Jessica Gill,jessica8923@gmail.com,user,user123,Bangalore
794,Michael Scott,michael3559 @ outlook.com,user,user123,Hyderabad
795,Jordan Smith,jordan5238@gmail.com,user,user123,Delhi
796,Jeffery Rodriguez,jeffery3146@company.com,user,user123,Mumbai
797,Lori Castro,lori775@company.com,user,user123,Pune
798,Alicia Mejia,alicia6983 @ gmail.com,user,user123,Bangalore
799,Nicholas Adams,nicholas952@mail.com,user,user123,Hyderabad
800,Michael Haynes,michael9688@gmail.com,user,user123,Delhi
801,Doris Leon,doris3373@company.com,user,user123,Mumbai
802,Ryan Lewis,ryan9190@yahoo.com,user,user123,Pune
803,MEGAN CISNEROS,megan7002@company.com,user,user123,Bangalore
804,Gregory Oconnor,gregory7766@gmail.com,user,user123,Hyderabad
805,Zachary Bates,zachary7195@company.com,user,user123,Delhi
806,cynthia bullock,cynthia4399@test.com,user,user123,Mumbai
808,CHRISTINE GUTIERREZ,christine7029@yahoo.com,user,user123,Bangalore
809,Edward Stevenson,edward1552@test.com,user,user123,Hyderabad
810,Andre Quinn,andre9263@outlook.com,user,user123,Delhi
811,Michael Rodriguez,michael4262@gmail.com,user,user123,Mumbai
812,Cody Taylor,cody994@test.com,user,user123,Pune
813,Karen Ramirez,karen1024@yahoo.com,user,user123,Bangalore
814,Yesenia Tucker,yesenia5091@gmail.com,user,user123,Hyderabad
815,Brian Oliver,brian1536@outlook.com,user,user123,Delhi
816,Isaiah Smith,isaiah6341@company.com,user,user123,Mumbai
817,Ashley Adams,ashley2553@test.com,user,user123,Pune
818,Timothy Lopez,timothy8642@company.com,user,user123,Bangalore
819,Tammy Santana,tammy129@company.com,user,user123,Hyderabad
820,jason hendrix,jason9826@yahoo.com,user,user123,Delhi
821,Anita Hernandez,anita8569@mail.com,user,user123,Mumbai
822,Morgan Berg,morgan173@outlook.com,user,user123,Pune
823,Glenn Hanson,glenn7672@company.com,user,user123,Bangalore
824,Gabriel Burns,gabriel5788@yahoo.com,user,user123,Hyderabad
825,Kathy Brown,kathy6480@test.com,user,user123,Delhi
826,Joseph West,joseph9384 @ test.com,user,user123,Mumbai
827,Brittany Thomas,brittany6813 @ test.com,user,user123,Pune
828,Sara Brown,sara4913@test.com,user,user123,Bangalore
829,Tamara Walters,tamara2163@mail.com,user,user123,Hyderabad
830,Elaine Bishop,elaine2571@yahoo.com,user,user123,Delhi
831,John Bennett,john6443@mail.com,user,user123,Mumbai
832,Laura Fields,laura2324@yahoo.com,user,user123,Pune
833,Mrs. Brittany Miller DDS,mrs.899@gmail.com,user,user123,Bangalore
834,Natalie Ortiz,natalie4422@yahoo.com,user,user123,Hyderabad
835,Micheal Campbell,micheal8658@mail.com,user,user123,Delhi
836,James Chavez,james5925@gmail.com,user,user123,Mumbai
837,William Wallace,william6725@gmail.com,user,user123,Pune
838,Terri Buck,terri8578@yahoo.com,user,user123,Bangalore
839,Crystal Montgomery,crystal10@test.com,user,user123,Hyderabad
840,Scott Silva,scott3951@yahoo.com,user,user123,Delhi
841,Matthew Quinn,matthew7495@test.com,user,user123,Mumbai
843,Jeremy Kane,jeremy4037@gmail.com,user,user123,Bangalore
844,Samantha Reynolds DVM,samantha6348@test.com,user,user123,Hyderabad
845,Joshua Munoz,joshua2872@company.com,user,user123,Delhi
846,Mary Waters,mary5990@yahoo.com,user,user123,Mumbai
847,Kelly Lopez,kelly2532@mail.com,user,user123,Pune
848,Kevin Watkins,kevin2812@yahoo.com,user,user123,Bangalore
849,Allen Banks,allen8716@yahoo.com,user,user123,Hyderabad
850,Michael Schneider,michael3446 @ gmail.com,user,user123,Delhi
851,ashley turner,ashley5865@outlook.com,user,user123,Mumbai
852,Victor Vasquez,victor9675@gmail.com,user,user123,Pune
853,Melinda Young,melinda1775@gmail.com,user,user123,Bangalore
854,Mrs. Christina Rocha MD,mrs.8125@outlook.com,user,user123,Hyderabad
857,Amanda Alvarez DDS,amanda690@test.com,user,user123,Pune
858,Bradley Lynch,bradley2305@company.com,user,user123,Bangalore
859,Michael Beck,michael750@test.com,user,user123,Hyderabad
860,Thomas Estes,thomas6889@company.com,user,user123,Delhi
861,Jeremy Cortez,jeremy2088@outlook.com,user,user123,Mumbai
862,Joseph Norris,joseph3424@gmail.com,user,user123,Pune
863,Michael Joseph,michael6287@gmail.com,user,user123,Bangalore
864,Gene Davis,gene4893@mail.com,user,user123,Hyderabad
865,Erica Lee,erica9361@test.com,user,user123,Delhi
866,Mark Elliott,mark6474@outlook.com,user,user123,Mumbai
867,Eric King,eric4012 @ test.com,user,user123,Pune
868,Rebecca Scott,rebecca4632@outlook.com,user,user123,Bangalore
869,Samuel Solomon,samuel2702@mail.com,user,user123,Hyderabad
870,kathy taylor,kathy8411@company.com,user,user123,Delhi
872,Samuel Thomas,samuel3527@company.com,user,user123,Pune
873,Diana White,diana8769@yahoo.com,user,user123,Bangalore
874,Robin Ortega,robin1444@mail.com,user,user123,Hyderabad
875,Mrs. Allison Bryant,mrs.5808@test.com,user,user123,Delhi
876,Jerry Black,jerry4136@company.com,user,user123,Mumbai
877,Kathleen Ford,kathleen8984@company.com,user,user123,Pune
878,Roy House,roy1058@test.com,user,user123,Bangalore
879,Patricia Long,patricia8852@company.com,user,user123,Hyderabad
880,Jacqueline Greene,jacqueline951@test.com,user,user123,Delhi
881,Eric Ward,eric4755 @ mail.com,user,user123,Mumbai
882,Ricky Reed,ricky5015@test.com,user,user123,Pune
883,Jonathan Noble,jonathan9766@outlook.com,user,user123,Bangalore
884,Pamela Torres,pamela7590@outlook.com,user,user123,Hyderabad
885,Ryan Yang,ryan7116@outlook.com,user,user123,Delhi
886,karen garcia,karen8413@yahoo.com,user,user123,Mumbai
887,Douglas Moore,douglas4932@mail.com,user,user123,Pune
888,Felicia Berry,felicia5821@company.com,user,user123,Bangalore
890,Victoria Baldwin,victoria9495@test.com,user,user123,Delhi
891,shawn higgins,shawn8055 @ outlook.com,user,user123,Mumbai
892,Destiny Wilkinson,destiny8094@yahoo.com,user,user123,Pune
894,Gabriel Beasley,gabriel1635@company.com,user,user123,Hyderabad
896,Kathleen Hughes,kathleen9586@test.com,user,user123,Mumbai
897,Carrie Sloan,carrie7579@company.com,user,user123,Pune
898,Thomas Barnes,thomas7676@outlook.com,user,user123,Bangalore
899,douglas cook,douglas659@yahoo.com,user,user123,Hyderabad
901,Lawrence Moore,lawrence4911@outlook.com,user,user123,Mumbai
902,Ralph Duke MD,ralph6761@outlook.com,user,user123,Pune
903,Nathan Davis,nathan5048@gmail.com,user,user123,Bangalore
904,Robert Johnson,robert2188@test.com,user,user123,Hyderabad
905,Caitlin Carter,caitlin9562@outlook.com,user,user123,Delhi
906,Nichole Howard,nichole2540@gmail.com,user,user123,Mumbai
907,Edward Ryan,edward3827@mail.com,user,user123,Pune
908,Nicholas Porter,nicholas7482@outlook.com,user,user123,Bangalore
909,Matthew Chen,matthew7914@company.com,user,user123,Hyderabad
910,Jonathan Guzman,jonathan8578@yahoo.com,user,user123,Delhi
911,Travis Baldwin,travis6194@mail.com,user,user123,Mumbai
912,Michael Gonzalez,michael4466@gmail.com,user,user123,Pune
913,Melissa Larsen DVM,melissa7158@gmail.com,user,user123,Bangalore
915,Ryan Hale,ryan8304@outlook.com,user,user123,Delhi
916,Ryan Griffin,ryan7031 @ yahoo.com,user,user123,Mumbai
917,Kelly Mitchell,kelly1967@test.com,user,user123,Pune
918,Bruce Jones,bruce8724@test.com,user,user123,Bangalore
919,Tina Brown,tina7611@gmail.com,user,user123,Hyderabad
920,Tricia Nelson,tricia113@gmail.com,user,user123,Delhi
921,James Douglas,james183@yahoo.com,user,user123,Mumbai
922,Joel Deleon,joel4314@outlook.com,user,user123,Pune
923,Ashley Lewis,ashley6028@gmail.com,user,user123,Bangalore
924,Zachary Williams,zachary7843@yahoo.com,user,user123,Hyderabad
925,Rachel Goodman,rachel3631@gmail.com,user,user123,Delhi
926,Crystal Lambert,crystal8470@gmail.com,user,user123,Mumbai
927,Jason Williams,jason8814@gmail.com,user,user123,Pune
928,Vincent Johnson,vincent4981@yahoo.com,user,user123,Bangalore
929,JESSICA RIDDLE,jessica8834@yahoo.com,user,user123,Hyderabad
930,Christopher Hahn,christopher500@yahoo.com,user,user123,Delhi
931,Brian Wilson,brian9551@yahoo.com,user,user123,Mumbai
932,jessica lewis,jessica607@outlook.com,user,user123,Pune
933,Kimberly Cole,kimberly8456@company.com,user,user123,Bangalore
934,Michelle Watson,michelle9286@company.com,user,user123,Hyderabad
935,Kimberly Torres,kimberly2318@yahoo.com,user,user123,Delhi
936,Jessica May,jessica3958@test.com,user,user123,Mumbai
937,Joseph Wilson,joseph3049@gmail.com,user,user123,Pune
938,Kevin Fernandez,kevin9743@gmail.com,user,user123,Bangalore
939,Jacqueline Jones,jacqueline5544@outlook.com,user,user123,Hyderabad
940,Ashley Pratt,ashley1685@outlook.com,user,user123,Delhi
941,Michael Young,michael5151@test.com,user,user123,Mumbai
942,Joan Mccoy,joan6119@test.com,user,user123,Pune
943,Diane Kennedy,diane7465@company.com,user,user123,Bangalore
944,Mark Gates,mark3701@test.com,user,user123,Hyderabad
945,Peggy Taylor,peggy4962@outlook.com,user,user123,Delhi
946,christy parker,christy9386@outlook.com,user,user123,Mumbai
947,Anthony Gillespie,anthony7366@outlook.com,user,user123,Pune
948,Alexander Foley,alexander9886@yahoo.com,user,user123,Bangalore
949,Jennifer Horton,jennifer8006@mail.com,user,user123,Hyderabad
950,Richard Aguirre,richard212@yahoo.com,user,user123,Delhi
952,Logan Weaver,logan878@outlook.com,user,user123,Pune
954,Christopher Howell,christopher357@mail.com,user,user123,Hyderabad
955,Kathleen Henderson,kathleen642@test.com,user,user123,Delhi
956,Teresa Kaufman,teresa9039@outlook.com,user,user123,Mumbai
957,victoria campbell,victoria6557@company.com,user,user123,Pune
958,ANN DIAZ,ann8511@outlook.com,user,user123,Bangalore
959,Brandon Robinson,brandon3583@mail.com,user,user123,Hyderabad
960,James Hall,james9686@outlook.com,user,user123,Delhi
961,Erica Page,erica6036@gmail.com,user,user123,Mumbai
962,Emily Williams,emily5582@gmail.com,user,user123,Pune
963,mark carpenter,mark7898@mail.com,user,user123,Bangalore
964,Mrs. Zoe Parker MD,mrs.2738@test.com,user,user123,Hyderabad
965,Danielle Smith MD,danielle7464@outlook.com,user,user123,Delhi
967,Vincent Herman,vincent7888@mail.com,user,user123,Pune
969,Tammy Cook,tammy8237@gmail.com,user,user123,Hyderabad
970,Carrie Perry,carrie7810@yahoo.com,user,user123,Delhi
971,Julie Osborne,julie3095@yahoo.com,user,user123,Mumbai
972,Caitlin Jones,caitlin5419@company.com,user,user123,Pune
973,Ray Hall,ray9091@test.com,user,user123,Bangalore
974,Connie Diaz,connie144@gmail.com,user,user123,Hyderabad
975,stephanie vaughn,stephanie6630@test.com,user,user123,Delhi
976,John Turner,john6085@outlook.com,user,user123,Mumbai
977,Dr. Barbara Oconnor,dr.597@test.com,user,user123,Pune
978,Briana Brown,briana648@test.com,user,user123,Bangalore
979,Bryan Deleon,bryan9682@gmail.com,user,user123,Hyderabad
980,Patrick Murillo,patrick3283@yahoo.com,user,user123,Delhi
981,Steven Phillips,steven9164@company.com,user,user123,Mumbai
982,Phyllis Neal,phyllis6344@gmail.com,user,user123,Pune
983,Karen Howard,karen2302@yahoo.com,user,user123,Bangalore
984,Abigail Jones,abigail480@yahoo.com,user,user123,Hyderabad
985,Erin Campbell,erin7131@outlook.com,user,user123,Delhi
986,Susan Ryan,susan5640@outlook.com,user,user123,Mumbai
987,kevin hobbs,kevin2161@gmail.com,user,user123,Pune
988,Larry Molina,larry2163@outlook.com,user,user123,Bangalore
989,Tiffany Mckenzie,tiffany918@yahoo.com,user,user123,Hyderabad
990,Larry Freeman,larry7273 @ test.com,user,user123,Delhi
991,Megan Bruce,megan2820@gmail.com,user,user123,Mumbai
992,timothy davis,timothy6216@outlook.com,user,user123,Pune
993,Amy Hart,amy7419@outlook.com,user,user123,Bangalore
994,Christine Jensen,christine1680@gmail.com,user,user123,Hyderabad
995,brandon morrison,brandon8085@gmail.com,user,user123,Delhi
996,Melissa Guzman,melissa247 @ company.com,user,user123,Mumbai
997,David Mendez,david1083 @ company.com,user,user123,Pune
998,Erik Morgan,erik6277@gmail.com,user,user123,Bangalore
999,teresa charles,teresa8175@yahoo.com,user,user123,Hyderabad
1000,Maureen Stone,maureen2301@company.com,user,user123,Delhi
1001,Mary Dorsey,mary6806@test.com,user,user123,Mumbai
1002,Kyle Williams,kyle9070@mail.com,user,user123,Pune
1003,Jill Carter,jill3790@gmail.com,user,user123,Bangalore
1004,Aimee Hayes,aimee1209@test.com,user,user123,Hyderabad
1005,Veronica Kim,veronica4607@company.com,user,user123,Delhi
1006,Todd Lopez,todd4930@yahoo.com,user,user123,Mumbai
1007,Vanessa Gomez,vanessa7048@mail.com,user,user123,Pune
1008,Rebecca Allison,rebecca9064@mail.com,user,user123,Bangalore
1009,Tiffany Marshall,tiffany8730@test.com,user,user123,Hyderabad
1010,William Rivera,william7136@yahoo.com,user,user123,Delhi
1011,RANDALL ORR,randall9470@outlook.com,user,user123,Mumbai
1012,Joseph Watson,joseph9186@mail.com,user,user123,Pune
1013,Brett Mosley,brett9243@yahoo.com,user,user123,Bangalore
1015,Benjamin Cantrell,benjamin6450@test.com,user,user123,Delhi
1016,Sean Thompson,sean4768@yahoo.com,user,user123,Mumbai
1018,Ruth Smith,ruth3486@mail.com,user,user123,Bangalore
1019,Terri Jackson,terri1146@outlook.com,user,user123,Hyderabad
1020,Chad Pearson,chad7403@test.com,user,user123,Delhi
1021,Matthew Kirk,matthew1962@gmail.com,user,user123,Mumbai
1022,Brett Elliott,brett191@mail.com,user,user123,Pune
1023,Renee Callahan,renee7760@gmail.com,user,user123,Bangalore
1024,Michael Evans,michael501@mail.com,user,user123,Hyderabad
1026,Andrew Brown,andrew3972@gmail.com,user,user123,Mumbai
1027,Lisa Webb,lisa2354@yahoo.com,user,user123,Pune
1028,James Smith,james367@outlook.com,user,user123,Bangalore
1029,Cassie Fleming,cassie1911@test.com,user,user123,Hyderabad
1030,Derrick Flores,derrick4164@company.com,user,user123,Delhi
1031,Julie Mendoza,julie4995@gmail.com,user,user123,Mumbai
1032,Mr. Nicholas Castro,mr.3677@outlook.com,user,user123,Pune
1033,Danielle Jones,danielle4728@mail.com,user,user123,Bangalore
1034,Andrea Campbell,andrea1643@test.com,user,user123,Hyderabad
1035,Jodi Romero,jodi4714@gmail.com,user,user123,Delhi
1036,Paul Davidson,paul1440@outlook.com,user,user123,Mumbai
1037,jacob evans,jacob5353@mail.com,user,user123,Pune
1038,John Brady,john5320@outlook.com,user,user123,Bangalore
1039,Olivia Lopez,olivia1600@mail.com,user,user123,Hyderabad
1040,Richard Clark,richard6506@mail.com,user,user123,Delhi
1041,Christine Pratt MD,christine9414@company.com,user,user123,Mumbai
1042,Michelle Nash,michelle1675@outlook.com,user,user123,Pune
1044,ALEXANDER PHILLIPS,alexander4112@gmail.com,user,user123,Hyderabad
1045,Alexander Guzman,alexander4841@company.com,user,user123,Delhi
1046,Tim Davis,tim3807@outlook.com,user,user123,Mumbai
1047,Henry Harrison,henry3590@outlook.com,user,user123,Pune
1048,Melissa Williams,melissa3961@outlook.com,user,user123,Bangalore
1050,meghan mendoza,meghan578@mail.com,user,user123,Delhi
1051,Darren Dominguez,darren683@company.com,user,user123,Mumbai
1052,Tara Mcclure,tara2966@outlook.com,user,user123,Pune
1053,Charles Watts,charles5598@test.com,user,user123,Bangalore
1054,Allison Benitez,allison9526 @ gmail.com,user,user123,Hyderabad
1055,Stephen Mayer,stephen1171@outlook.com,user,user123,Delhi
1056,Deborah Young,deborah8283@company.com,user,user123,Mumbai
1057,Steven Vega,steven2752@company.com,user,user123,Pune
1058,Samantha Elliott,samantha9565 @ test.com,user,user123,Bangalore
1059,Dr. James Bell MD,dr.5706@test.com,user,user123,Hyderabad
1060,Kara Russell,kara7191@mail.com,user,user123,Delhi
1061,Jessica Pruitt,jessica7219@mail.com,user,user123,Mumbai
1062,Anne Cook,anne2054@company.com,user,user123,Pune
1063,Curtis Martinez,curtis82@gmail.com,user,user123,Bangalore
1064,Carrie Sanchez,carrie7637@company.com,user,user123,Hyderabad
1065,Nicole Franklin,nicole7023@outlook.com,user,user123,Delhi
1066,Patricia Anderson,patricia1162@yahoo.com,user,user123,Mumbai
1067,Christopher Young,christopher4610@gmail.com,user,user123,Pune
1068,joseph miles,joseph3529 @ test.com,user,user123,Bangalore
1069,Julie King,julie1189@mail.com,user,user123,Hyderabad
1070,Mary Bryan,mary8696@company.com,user,user123,Delhi
1071,Alex Hamilton,alex5780@outlook.com,user,user123,Mumbai
1072,Allison Garcia,allison7755@test.com,user,user123,Pune
1073,Whitney Rowe,whitney1295@gmail.com,user,user123,Bangalore
1074,christopher carter,christopher810@mail.com,user,user123,Hyderabad
1075,Drew Sexton,drew748@mail.com,user,user123,Delhi
1076,Lisa Powers,lisa5815@yahoo.com,user,user123,Mumbai
1077,Andrew Green,andrew6611@mail.com,user,user123,Pune
1078,Wanda Estrada,wanda9586@mail.com,user,user123,Bangalore
1079,Katie Frye,katie8726@mail.com,user,user123,Hyderabad
1081,Shaun Watkins,shaun4855@test.com,user,user123,Mumbai
1083,angelica ramirez,angelica6097@mail.com,user,user123,Bangalore
1084,Vanessa Vaughan,vanessa8325@yahoo.com,user,user123,Hyderabad
1085,Nancy Lester,nancy2605@gmail.com,user,user123,Delhi
1086,Kyle Hart,kyle8900@mail.com,user,user123,Mumbai
1087,Nicole Herrera,nicole1254@gmail.com,user,user123,Pune
1088,Gary Lambert,gary2122@test.com,user,user123,Bangalore
1089,Martin Nixon,martin5380@test.com,user,user123,Hyderabad
1090,Morgan Moore,morgan1858@mail.com,user,user123,Delhi
1091,Jon Moran,jon591@mail.com,user,user123,Mumbai
1092,James Vaughan,james2060@gmail.com,user,user123,Pune
1093,William Bradshaw,william4358@company.com,user,user123,Bangalore
1094,Shelby Wood,shelby1543@outlook.com,user,user123,Hyderabad
1095,Derek Jackson,derek4116@outlook.com,user,user123,Delhi
1096,Melanie Bryant,melanie6711@mail.com,user,user123,Mumbai
1097,Jennifer Reeves,jennifer3265@company.com,user,user123,Pune
1098,Pamela King,pamela7733@yahoo.com,user,user123,Bangalore
1099,Dennis Johnson,dennis9036@gmail.com,user,user123,Hyderabad
1100,REBECCA GOLDEN,rebecca3799@test.com,user,user123,Delhi
1101,DR. AMY SEXTON MD,dr.909@outlook.com,user,user123,Mumbai
1102,Sharon Mendoza,sharon8318@test.com,user,user123,Pune
1103,Ronald Stone,ronald5844@yahoo.com,user,user123,Bangalore
1104,Zachary Murphy,zachary8675 @ outlook.com,user,user123,Hyderabad
1105,Veronica Torres DDS,veronica6337@test.com,user,user123,Delhi
1106,Patricia Garcia,patricia2477@company.com,user,user123,Mumbai
1107,Kelly Archer,kelly3240@company.com,user,user123,Pune
1108,Laurie Miller,laurie7977 @ company.com,user,user123,Bangalore
1109,Gregory Henry,gregory3936@mail.com,user,user123,Hyderabad
1110,William Rubio,william4524@mail.com,user,user123,Delhi
1111,Edward Hall,edward4121@test.com,user,user123,Mumbai
1112,Aaron Mckenzie,aaron2814@test.com,user,user123,Pune
1113,Natalie Roman,natalie3853@test.com,user,user123,Bangalore
1114,Mr. Henry Collier MD,mr.2518@test.com,user,user123,Hyderabad
1115,Chloe Noble,chloe4758@test.com,user,user123,Delhi
1116,Gary Moran,gary9802@company.com,user,user123,Mumbai
1117,Andrea Thompson,andrea9808@mail.com,user,user123,Pune
1119,Meghan Griffith,meghan1432@company.com,user,user123,Hyderabad
1120,Elizabeth Harris,elizabeth9059@company.com,user,user123,Delhi
1122,Dustin Hughes,dustin741@yahoo.com,user,user123,Pune
1123,Christopher Smith,christopher4778@yahoo.com,user,user123,Bangalore
1124,Richard Downs,richard732@test.com,user,user123,Hyderabad
1125,Yvonne Freeman,yvonne4127@yahoo.com,user,user123,Delhi
1126,Lauren Andrade,lauren7254@company.com,user,user123,Mumbai
1127,Chad Mueller,chad3756@gmail.com,user,user123,Pune
1128,Cory Suarez,cory8888@yahoo.com,user,user123,Bangalore
1129,Kerri Clayton,kerri8269@mail.com,user,user123,Hyderabad
1130,Brian Blair,brian7710@outlook.com,user,user123,Delhi
1131,Tonya Ross,tonya6790@mail.com,user,user123,Mumbai
1132,David Estes,david2919@outlook.com,user,user123,Pune
1133,Luis Daniel,luis4767@outlook.com,user,user123,Bangalore
1134,Traci Summers,traci2385@outlook.com,user,user123,Hyderabad
1135,Nathaniel Stewart,nathaniel3785@mail.com,user,user123,Delhi
1136,Blake Richardson,blake58@gmail.com,user,user123,Mumbai
1137,Kelly Stewart,kelly228@mail.com,user,user123,Pune
1138,Anne Martin,anne6957@test.com,user,user123,Bangalore
1139,amanda rodriguez,amanda4206@gmail.com,user,user123,Hyderabad
1140,Patricia Roberts,patricia7905@company.com,user,user123,Delhi
1141,matthew wallace,matthew6761@test.com,user,user123,Mumbai
1142,Zoe Lawson,zoe7058@yahoo.com,user,user123,Pune
1143,Doris Morse,doris6191@mail.com,user,user123,Bangalore
1144,Jonathan Chandler,jonathan6206@test.com,user,user123,Hyderabad
1145,Jessica Morales,jessica9389@yahoo.com,user,user123,Delhi
1146,Gary Thornton,gary4236@yahoo.com,user,user123,Mumbai
1147,Kristi Greene,kristi4948@outlook.com,user,user123,Pune
1148,Heidi Lindsey,heidi799@yahoo.com,user,user123,Bangalore
1149,Casey Little,casey4181@company.com,user,user123,Hyderabad
1150,Jason Miller,jason3414@yahoo.com,user,user123,Delhi
1151,Joshua Abbott,joshua4793@yahoo.com,user,user123,Mumbai
1152,John West,john9503 @ mail.com,user,user123,Pune
1153,Julie Powell,julie6710@company.com,user,user123,Bangalore
1154,Ricardo Graham,ricardo8559@mail.com,user,user123,Hyderabad
1155,Jennifer Dean,jennifer2883@company.com,user,user123,Delhi
1156,Kimberly King,kimberly3042@outlook.com,user,user123,Mumbai
1157,Joseph Ibarra,joseph6200@test.com,user,user123,Pune
1158,Karen Alexander,karen7777@yahoo.com,user,user123,Bangalore
1160,Tara Guerrero,tara8703@gmail.com,user,user123,Delhi
1162,Angela Kelley,angela4411@yahoo.com,user,user123,Pune
1163,Sarah Shaw,sarah2669@yahoo.com,user,user123,Bangalore
1164,Calvin Frederick,calvin9528@test.com,user,user123,Hyderabad
1165,Sara Bishop,sara9889@test.com,user,user123,Delhi
1166,Megan Garcia,megan3579@yahoo.com,user,user123,Mumbai
1167,Melissa Ward,melissa8224@gmail.com,user,user123,Pune
1168,Lisa Trujillo,lisa2039@yahoo.com,user,user123,Bangalore
1169,GLENN WOODS,glenn438@company.com,user,user123,Hyderabad
1170,Angela Smith,angela2216@outlook.com,user,user123,Delhi
1171,SUSAN CORTEZ,susan1178@test.com,user,user123,Mumbai
1172,scott harper,scott807@test.com,user,user123,Pune
1173,Margaret Torres,margaret1609@mail.com,user,user123,Bangalore
1174,Mark Daniel,mark9764@yahoo.com,user,user123,Hyderabad
1175,ALEXA CISNEROS,alexa7667@gmail.com,user,user123,Delhi
1176,ANDREW HERNANDEZ,andrew1599@mail.com,user,user123,Mumbai
1177,Calvin Archer,calvin5406@yahoo.com,user,user123,Pune
1178,Ronald Gibson,ronald3930@gmail.com,user,user123,Bangalore
1179,Andrew Evans,andrew7880@outlook.com,user,user123,Hyderabad
1180,HOLLY SHEPHERD,holly1329@mail.com,user,user123,Delhi
1181,David White,david2608 @ yahoo.com,user,user123,Mumbai
1182,Martha Stephens,martha2460@yahoo.com,user,user123,Pune
1183,Stacy Washington,stacy5895@test.com,user,user123,Bangalore
1184,Jessica Clark,jessica7841@mail.com,user,user123,Hyderabad
1185,Elizabeth Peterson,elizabeth7475@company.com,user,user123,Delhi
1186,Teresa Chapman,teresa3493@company.com,user,user123,Mumbai
1187,Brian Harris,brian6806@test.com,user,user123,Pune
1188,Shannon Whitaker,shannon4214@yahoo.com,user,user123,Bangalore
1189,aaron wilkins,aaron5874@test.com,user,user123,Hyderabad
1191,Angela Woods,angela1422 @ yahoo.com,user,user123,Mumbai
1192,Frederick Green,frederick5773@gmail.com,user,user123,Pune
1193,Jordan Robinson,jordan3495@outlook.com,user,user123,Bangalore
1194,Johnny Gibson,johnny2505@test.com,user,user123,Hyderabad
1195,John Ramirez,john376@test.com,user,user123,Delhi
1196,Ryan Michael,ryan9699@mail.com,user,user123,Mumbai
1197,Deborah Flynn,deborah5182@outlook.com,user,user123,Pune
1198,Chad Warner,chad5338@company.com,user,user123,Bangalore
1199,rachel collins,rachel2838@mail.com,user,user123,Hyderabad
1200,Haley Morris,haley6207@test.com,user,user123,Delhi
1201,Carlos Fry,carlos6152 @ mail.com,user,user123,Mumbai
1203,wendy craig,wendy3591@outlook.com,user,user123,Bangalore
1204,Tyler Garrett,tyler297@test.com,user,user123,Hyderabad
1205,Denise Davis,denise1675@outlook.com,user,user123,Delhi
1206,Peter Walsh,peter3819@outlook.com,user,user123,Mumbai
1207,Melissa Gross,melissa9831@test.com,user,user123,Pune
1208,Judy Gonzales,judy4256@yahoo.com,user,user123,Bangalore
1209,Zachary Keller,zachary6058@gmail.com,user,user123,Hyderabad
1210,Jacob Young,jacob2775@test.com,user,user123,Delhi
1211,Elizabeth Goodwin,elizabeth3294@test.com,user,user123,Mumbai
1212,Dawn Soto,dawn9289@company.com,user,user123,Pune
1213,elizabeth carney,elizabeth1712@mail.com,user,user123,Bangalore
1214,Michele Sharp,michele3328@test.com,user,user123,Hyderabad
1215,sara moreno,sara6709@company.com,user,user123,Delhi
1216,Mariah Flynn,mariah2250@company.com,user,user123,Mumbai
1217,Renee James,renee7252@gmail.com,user,user123,Pune
1218,Sarah Martinez,sarah6261@company.com,user,user123,Bangalore
1219,Jose Marquez,jose7307@company.com,user,user123,Hyderabad
1220,Victoria Higgins,victoria4273@gmail.com,user,user123,Delhi
1221,Jacob Cannon,jacob5514@gmail.com,user,user123,Mumbai
1222,Carrie Mccall,carrie1981@yahoo.com,user,user123,Pune
1223,Sandra Jones,sandra9960@outlook.com,user,user123,Bangalore
1224,Margaret Frey,margaret8299@yahoo.com,user,user123,Hyderabad
1225,Donna Lee,donna4891@mail.com,user,user123,Delhi
1226,Kenneth Thomas,kenneth9770@mail.com,user,user123,Mumbai
1227,Edward Melton,edward7469@gmail.com,user,user123,Pune
1229,Michael Hall,michael1458@company.com,user,user123,Hyderabad
1230,steven rodriguez,steven1868@gmail.com,user,user123,Delhi
1231,Kimberly Morris,kimberly6567@yahoo.com,user,user123,Mumbai
1233,Michelle Adams,michelle5359@test.com,user,user123,Bangalore
1234,Anthony Miller,anthony305@gmail.com,user,user123,Hyderabad
1235,danielle watkins,danielle9348@test.com,user,user123,Delhi
1236,Matthew Wagner,matthew5759@test.com,user,user123,Mumbai
1237,Miss Barbara Moore DVM,miss4824@yahoo.com,user,user123,Pune
1238,Richard Hall,richard4002@mail.com,user,user123,Bangalore
1239,Debbie Delacruz,debbie8265@outlook.com,user,user123,Hyderabad
1240,Mrs. Isabella White,mrs.6039@outlook.com,user,user123,Delhi
1242,Levi King,levi3297@mail.com,user,user123,Pune
1243,Sabrina Craig,sabrina1078@gmail.com,user,user123,Bangalore
1244,Tracie Logan,tracie3814@yahoo.com,user,user123,Hyderabad
1245,Jeffrey Kim,jeffrey8323@test.com,user,user123,Delhi
1246,Allison Odonnell,allison2457@company.com,user,user123,Mumbai
1247,Justin Johnson,justin8645@test.com,user,user123,Pune
1248,Timothy Walker,timothy2380@mail.com,user,user123,Bangalore
1249,Linda Edwards,linda350@gmail.com,user,user123,Hyderabad
1250,SHEILA HAMMOND,sheila1460@yahoo.com,user,user123,Delhi
1251,Kristen Perry,kristen2276@mail.com,user,user123,Mumbai
1252,Daniel Stout,daniel2520@test.com,user,user123,Pune
1253,Mario Green,mario5778@test.com,user,user123,Bangalore
1254,Craig Williams,craig1666@gmail.com,user,user123,Hyderabad
1255,Erica Austin,erica8043@gmail.com,user,user123,Delhi
1256,Heather Harper MD,heather4171@yahoo.com,user,user123,Mumbai
1257,Lisa Rios,lisa8790@gmail.com,user,user123,Pune
1258,Sean Mcgee,sean7119@test.com,user,user123,Bangalore
1259,Anita Bowman,anita3006@yahoo.com,user,user123,Hyderabad
1260,Derek Wade,derek6248@gmail.com,user,user123,Delhi
1261,Rebecca Taylor,rebecca7345@yahoo.com,user,user123,Mumbai
1262,Theresa Randall,theresa6399@mail.com,user,user123,Pune
1263,Emily Brown,emily8412@outlook.com,user,user123,Bangalore
1264,MICHAEL CARTER,michael5511@company.com,user,user123,Hyderabad
1265,Tracy Burton,tracy3651@company.com,user,user123,Delhi
1266,Margaret Mcdaniel,margaret1181@company.com,user,user123,Mumbai
1267,Michele Vaughn,michele8377 @ outlook.com,user,user123,Pune
1268,James Erickson,james4617@outlook.com,user,user123,Bangalore
1269,Micheal Shepard II,micheal1779@outlook.com,user,user123,Hyderabad
1270,Shelly Gonzalez,shelly567@outlook.com,user,user123,Delhi
1271,Kayla Castaneda,kayla6798@company.com,user,user123,Mumbai
1272,Lauren Sanders MD,lauren4173@test.com,user,user123,Pune
1273,Jamie Hicks,jamie4449@test.com,user,user123,Bangalore
1274,Heather Craig,heather5172@company.com,user,user123,Hyderabad
1275,Rhonda Allen,rhonda274@yahoo.com,user,user123,Delhi
1276,ANNA OCONNELL,anna4019@outlook.com,user,user123,Mumbai
1277,Paige Zamora,paige6934@mail.com,user,user123,Pune
1278,Ashley Howard,ashley7111@mail.com,user,user123,Bangalore
1279,Michael Kelley,michael1626@company.com,user,user123,Hyderabad
1280,John Ward,john8239@company.com,user,user123,Delhi
1281,Bryan Vasquez,bryan7635@mail.com,user,user123,Mumbai
1282,Jennifer Thomas,jennifer3370@outlook.com,user,user123,Pune
1283,Joseph Nelson,joseph8735@gmail.com,user,user123,Bangalore
1284,Eric Carter,eric3936@company.com,user,user123,Hyderabad
1285,BRENT HART,brent2381@yahoo.com,user,user123,Delhi
1286,Theresa Wolf,theresa4599@mail.com,user,user123,Mumbai
1287,MICHAEL WARD,michael5496@company.com,user,user123,Pune
1288,Roger Carey,roger9298@test.com,user,user123,Bangalore
1289,Brenda Jackson,brenda4051 @ outlook.com,user,user123,Hyderabad
1290,Sonya Ryan,sonya3584@company.com,user,user123,Delhi
1291,John Berry,john689@test.com,user,user123,Mumbai
1294,Carol Williams,carol6233@outlook.com,user,user123,Hyderabad
1295,Kevin Neal,kevin1218@outlook.com,user,user123,Delhi
1296,Sarah West,sarah8015@test.com,user,user123,Mumbai
1297,Patrick Payne,patrick7471@yahoo.com,user,user123,Pune
1298,Meagan Murphy,meagan2733@yahoo.com,user,user123,Bangalore
1299,Alicia Barton DVM,alicia4658@test.com,user,user123,Hyderabad
1300,Frank Nunez,frank3247@yahoo.com,user,user123,Delhi
1302,Carmen Adkins,carmen1910@test.com,user,user123,Pune
1304,Joe Baker,joe1655@gmail.com,user,user123,Hyderabad
1305,Pam Hall,pam6868@test.com,user,user123,Delhi
1306,Ashlee Rios,ashlee5875 @ mail.com,user,user123,Mumbai
1307,Christina Evans,christina7631@mail.com,user,user123,Pune
1308,Dana Adams,dana7460@gmail.com,user,user123,Bangalore
1309,Emily Moore,emily4700@yahoo.com,user,user123,Hyderabad
1310,Brett Johnston,brett2281@test.com,user,user123,Delhi
1311,John Dennis,john4175@gmail.com,user,user123,Mumbai
1313,Matthew Black,matthew5011@test.com,user,user123,Bangalore
1314,Jeffrey Solis,jeffrey4408@mail.com,user,user123,Hyderabad
1315,Steve Moore,steve1167@gmail.com,user,user123,Delhi
1316,Tammy Choi,tammy7135@test.com,user,user123,Mumbai
1317,Andrea Miller,andrea178@mail.com,user,user123,Pune
1318,Cindy Robinson,cindy4134@company.com,user,user123,Bangalore
1319,Sandra Smith,sandra5182@mail.com,user,user123,Hyderabad
1321,andrew gay,andrew4569@test.com,user,user123,Mumbai
1322,Alexander Burke,alexander286@yahoo.com,user,user123,Pune
1323,Maria Weiss,maria8958@company.com,user,user123,Bangalore
1324,Michelle Boyd,michelle5318@gmail.com,user,user123,Hyderabad
1325,Joshua Franco,joshua4468@company.com,user,user123,Delhi
1326,Jennifer Cox,jennifer7788@mail.com,user,user123,Mumbai
1327,DAWN ROBINSON,dawn8778@gmail.com,user,user123,Pune
1329,Christine Hopkins,christine2768@gmail.com,user,user123,Hyderabad
1330,Evan Ballard,evan1594@mail.com,user,user123,Delhi
1331,Kevin Wilson,kevin8394@gmail.com,user,user123,Mumbai
1332,KIMBERLY WILLIAMS,kimberly418@test.com,user,user123,Pune
1333,Alyssa Palmer,alyssa9779@yahoo.com,user,user123,Bangalore
1334,Erin Coleman,erin2987@gmail.com,user,user123,Hyderabad
1335,Dr. Diane Holmes,dr.9455@yahoo.com,user,user123,Delhi
1336,Emma Mckay,emma3939 @ outlook.com,user,user123,Mumbai
1337,Robert Vaughan,robert6049@mail.com,user,user123,Pune
1338,Jeffrey Myers,jeffrey8284@outlook.com,user,user123,Bangalore
1339,Stephanie Shaffer,stephanie8806@test.com,user,user123,Hyderabad
1340,Deborah Wood,deborah5718@mail.com,user,user123,Delhi
1341,Deborah Brewer,deborah7133@outlook.com,user,user123,Mumbai
1342,Adam Gray,adam4340@gmail.com,user,user123,Pune
1343,Christopher White,christopher9309@company.com,user,user123,Bangalore
1344,Kelsey Burton,kelsey9634@company.com,user,user123,Hyderabad
1345,Samantha Sullivan,samantha2669@mail.com,user,user123,Delhi
1346,Edward Estes,edward8427@mail.com,user,user123,Mumbai
1347,Sherry Gross,sherry8497@test.com,user,user123,Pune
1348,john smith,john8523@yahoo.com,user,user123,Bangalore
1349,Tyler Lewis,tyler9611@yahoo.com,user,user123,Hyderabad
1350,Tyler Harris,tyler163@test.com,user,user123,Delhi
1351,Valerie Harris,valerie7389@mail.com,user,user123,Mumbai
1352,Justin Pace,justin8840@test.com,user,user123,Pune
1354,Patricia Clark,patricia2312@company.com,user,user123,Hyderabad
1355,Tanner Scott,tanner9023@company.com,user,user123,Delhi
1356,Brittany Wilson,brittany6491@yahoo.com,user,user123,Mumbai
1357,Denise Todd,denise2252@test.com,user,user123,Pune
1358,Logan Smith,logan1686@yahoo.com,user,user123,Bangalore
1359,Adam Fox,adam5538@outlook.com,user,user123,Hyderabad
1360,KAYLA MCKINNEY,kayla4268@yahoo.com,user,user123,Delhi
1361,Deborah Barry,deborah1475@gmail.com,user,user123,Mumbai
1362,Leslie Jones,leslie4693@outlook.com,user,user123,Pune
1363,Kelly Bates,kelly7759@test.com,user,user123,Bangalore
1364,Garrett Steele,garrett9824@test.com,user,user123,Hyderabad
1365,Sydney Kelley,sydney1804 @ yahoo.com,user,user123,Delhi
1366,Mitchell Thompson,mitchell8711@test.com,user,user123,Mumbai
1367,David Johnson,david5912@company.com,user,user123,Pune
1368,Joel Dougherty,joel7205@mail.com,user,user123,Bangalore
1369,Paul Spencer,paul4884@gmail.com,user,user123,Hyderabad
1370,Misty Leblanc,misty1005@test.com,user,user123,Delhi
1371,William Roth,william1763@test.com,user,user123,Mumbai
1372,Jennifer Pope,jennifer8991@gmail.com,user,user123,Pune
1373,Christopher Green,christopher1571@test.com,user,user123,Bangalore
1374,Richard West,richard3059@outlook.com,user,user123,Hyderabad
1375,Stephanie Baker,stephanie677@mail.com,user,user123,Delhi
1377,Wendy Gutierrez,wendy7299@yahoo.com,user,user123,Pune
1378,David Castro,david301@mail.com,user,user123,Bangalore
1379,Charles Ramirez,charles4481@gmail.com,user,user123,Hyderabad
1380,Kari Williams,kari791@test.com,user,user123,Delhi
1381,Tyler Roman,tyler1097@yahoo.com,user,user123,Mumbai
1382,Krista Jones,krista5463@mail.com,user,user123,Pune
1383,Amy Sanchez,amy3864@gmail.com,user,user123,Bangalore
1384,Elizabeth Hanson,elizabeth5494@test.com,user,user123,Hyderabad
1386,Jonathan Sparks,jonathan4650@test.com,user,user123,Mumbai
1387,Brittany Blanchard,brittany4912@yahoo.com,user,user123,Pune
1388,Brianna Pearson,brianna4898@outlook.com,user,user123,Bangalore
1389,Christopher Black,christopher2391@company.com,user,user123,Hyderabad
1390,Timothy Mendoza,timothy3747@mail.com,user,user123,Delhi
1391,EDDIE HUDSON DVM,eddie5372@mail.com,user,user123,Mumbai
1392,Paul Williams,paul9930@outlook.com,user,user123,Pune
1393,Tiffany Robertson,tiffany9280@company.com,user,user123,Bangalore
1394,Kristin Stephens,kristin2215@gmail.com,user,user123,Hyderabad
1395,Nicole White,nicole6425@outlook.com,user,user123,Delhi
1396,Amanda Hardy,amanda5775@yahoo.com,user,user123,Mumbai
1397,Michelle Lopez,michelle5921@test.com,user,user123,Pune
1398,Sabrina Leonard,sabrina1565@test.com,user,user123,Bangalore
1399,Rachel Johnson,rachel8814 @ test.com,user,user123,Hyderabad
1400,Jackson Chambers,jackson2559@company.com,user,user123,Delhi
1401,Ellen Camacho,ellen4539@gmail.com,user,user123,Mumbai
1402,Sara Ross,sara4066 @ outlook.com,user,user123,Pune
1403,Henry Small,henry1912@mail.com,user,user123,Bangalore
1404,CHRISTOPHER WILLIAMS,christopher3383@gmail.com,user,user123,Hyderabad
1405,Daniel Taylor,daniel1911@mail.com,user,user123,Delhi
1406,Dr. Blake Foster,dr.8942@test.com,user,user123,Mumbai
1407,Brittany Farrell,brittany6869@mail.com,user,user123,Pune
1408,Justin Waller,justin5771@yahoo.com,user,user123,Bangalore
1409,Samantha Vasquez,samantha7719@mail.com,user,user123,Hyderabad
1410,Jimmy Chapman,jimmy3025@test.com,user,user123,Delhi
1411,Shannon Knight,shannon4127@yahoo.com,user,user123,Mumbai
1412,Scott Martinez,scott9039@test.com,user,user123,Pune
1413,James Mclean,james6570@company.com,user,user123,Bangalore
1414,Teresa Fernandez,teresa4159@test.com,user,user123,Hyderabad
1415,Angela Bailey,angela4777@mail.com,user,user123,Delhi
1416,Carolyn Sanford,carolyn7316@company.com,user,user123,Mumbai
1417,sandra gallegos,sandra9293@yahoo.com,user,user123,Pune
1418,Misty Marquez,misty9101@test.com,user,user123,Bangalore
1419,Randy Jordan,randy5855@yahoo.com,user,user123,Hyderabad
1420,David Arnold,david7002@gmail.com,user,user123,Delhi
1421,Sydney Sims,sydney5390@company.com,user,user123,Mumbai
1422,Brian Moore,brian4695@test.com,user,user123,Pune
1423,Penny Warren,penny3506@yahoo.com,user,user123,Bangalore
1424,Kyle Hunter,kyle702@outlook.com,user,user123,Hyderabad
1425,Joseph Leonard,joseph7930@outlook.com,user,user123,Delhi
1426,Amber Henderson,amber452@yahoo.com,user,user123,Mumbai
1428,Mrs. Lori Logan MD,mrs.2637@yahoo.com,user,user123,Bangalore
1429,Andrew Simon,andrew5240@gmail.com,user,user123,Hyderabad
1430,Marie Holt,marie184@outlook.com,user,user123,Delhi
1431,Yvette Russell,yvette5086@yahoo.com,user,user123,Mumbai
1432,Jacob Yoder,jacob8818 @ test.com,user,user123,Pune
1434,JOHN BARTON,john6661@company.com,user,user123,Hyderabad
1435,Christopher Boyer,christopher4060@outlook.com,user,user123,Delhi
1436,Grant Smith,grant6406@test.com,user,user123,Mumbai
1437,Megan Sutton,megan1326@mail.com,user,user123,Pune
1438,Sandra Chambers,sandra8359@yahoo.com,user,user123,Bangalore
1439,Christopher Bean,christopher2885@mail.com,user,user123,Hyderabad
1440,Carlos Lara,carlos7269@outlook.com,user,user123,Delhi
1441,Amy Reed,amy3111@company.com,user,user123,Mumbai
1442,brenda graham,brenda4983@mail.com,user,user123,Pune
1444,Nicole Allen,nicole4042@company.com,user,user123,Hyderabad
1445,Gina Bradley,gina1797@gmail.com,user,user123,Delhi
1446,Jonathan Campbell,jonathan4256@outlook.com,user,user123,Mumbai
1448,drew clark,drew5910@mail.com,user,user123,Bangalore
1449,pamela romero,pamela4275@outlook.com,user,user123,Hyderabad
1450,Maria Castro,maria4930 @ gmail.com,user,user123,Delhi
1451,Laura Chen,laura9256 @ gmail.com,user,user123,Mumbai
1452,Jason Conway,jason8164@mail.com,user,user123,Pune
1454,Tammy Gutierrez,tammy821@mail.com,user,user123,Hyderabad
1455,richard douglas,richard8929@test.com,user,user123,Delhi
1456,Walter Aguilar,walter7927@yahoo.com,user,user123,Mumbai
1457,Stuart Pope,stuart1514@test.com,user,user123,Pune
1459,ANTHONY GRIFFITH,anthony3689@company.com,user,user123,Hyderabad
1460,Timothy Fowler,timothy6275@test.com,user,user123,Delhi
1461,Tara Peterson,tara6545@test.com,user,user123,Mumbai
1462,Thomas Sharp,thomas4775@outlook.com,user,user123,Pune
1463,Susan Sparks,susan5010@test.com,user,user123,Bangalore
1464,Steven Arnold,steven9094@outlook.com,user,user123,Hyderabad
1466,Brittany Camacho,brittany3368@test.com,user,user123,Mumbai
1467,Brian Odom,brian7055@gmail.com,user,user123,Pune
1468,Matthew Chandler,matthew4294@mail.com,user,user123,Bangalore
1469,Reginald Melton,reginald8611 @ company.com,user,user123,Hyderabad
1470,Jamie Conner,jamie3543@company.com,user,user123,Delhi
1471,Brandon Newman,brandon3465@mail.com,user,user123,Mumbai
1472,Richard Kim,richard4022@gmail.com,user,user123,Pune
1473,Amanda Clements,amanda8132@test.com,user,user123,Bangalore
1474,Karen Moody,karen8301@gmail.com,user,user123,Hyderabad
1475,Joel Adams,joel9248@yahoo.com,user,user123,Delhi
1476,Michele Nixon,michele7721@yahoo.com,user,user123,Mumbai
1477,erik johnson,erik3979@outlook.com,user,user123,Pune
1478,Shawn Coleman,shawn5349@outlook.com,user,user123,Bangalore
1479,James Jones,james6205@company.com,user,user123,Hyderabad
1480,Timothy Gould,timothy1239@company.com,user,user123,Delhi
1481,JILLIAN LITTLE,jillian6564@yahoo.com,user,user123,Mumbai
1482,Ashley Woods,ashley3874@test.com,user,user123,Pune
1483,Daniel Rodriguez,daniel7823@outlook.com,user,user123,Bangalore
1484,Deborah Carpenter,deborah4445@outlook.com,user,user123,Hyderabad
1485,Heather Mcintyre,heather1225@gmail.com,user,user123,Delhi
1486,Jason Hurst,jason3236@company.com,user,user123,Mumbai
1487,Robert Jones,robert9072@mail.com,user,user123,Pune
1488,Pamela Hill,pamela6040@yahoo.com,user,user123,Bangalore
1489,WILLIAM WERNER,william4280@outlook.com,user,user123,Hyderabad
1490,Julia Williams,julia2671@mail.com,user,user123,Delhi
1491,John Watts,john3090@yahoo.com,user,user123,Mumbai
1492,Darren Allen,darren9108@company.com,user,user123,Pune
1493,Jeffrey Gill,jeffrey6579@test.com,user,user123,Bangalore
1495,Ashley Sampson,ashley3597@mail.com,user,user123,Delhi
1496,Isaiah Roberts,isaiah6767@outlook.com,user,user123,Mumbai
1497,Nicholas Vasquez,nicholas8704@test.com,user,user123,Pune
1498,Raymond Haynes,raymond827@mail.com,user,user123,Bangalore
1501,Gregory Huang,gregory9705@company.com,user,user123,Mumbai
1502,Jon Trevino,jon4975@test.com,user,user123,Pune
1503,Jerry Shields,jerry960@outlook.com,user,user123,Bangalore
1504,Pamela Miller,pamela7026@company.com,user,user123,Hyderabad
1505,Ryan Duncan,ryan3398@outlook.com,user,user123,Delhi
1506,Rodney Raymond,rodney2490@outlook.com,user,user123,Mumbai
1507,Jennifer Lee,jennifer3638@mail.com,user,user123,Pune
1508,Thomas Gomez,thomas4189@yahoo.com,user,user123,Bangalore
1509,Todd Garcia,todd8455 @ test.com,user,user123,Hyderabad
1510,Kevin Vazquez,kevin199@yahoo.com,user,user123,Delhi
1511,Samuel Douglas,samuel5448@yahoo.com,user,user123,Mumbai
1512,Joseph Logan,joseph3345@mail.com,user,user123,Pune
1513,Christie Lee,christie2469@outlook.com,user,user123,Bangalore
1514,Brian Smith,brian215 @ test.com,user,user123,Hyderabad
1515,Kelly Shah,kelly4461 @ yahoo.com,user,user123,Delhi
1516,Mikayla Mills,mikayla2281@mail.com,user,user123,Mumbai
1517,Jacqueline Turner,jacqueline2428@test.com,user,user123,Pune
1518,Amanda Green,amanda6745@yahoo.com,user,user123,Bangalore
1519,Roy Fernandez,roy1568@gmail.com,user,user123,Hyderabad
1521,Patricia Ingram,patricia9893@test.com,user,user123,Mumbai
1522,KIMBERLY PERKINS,kimberly8902@yahoo.com,user,user123,Pune
1523,Randy Warner,randy322@test.com,user,user123,Bangalore
1524,Shannon Liu,shannon7158@gmail.com,user,user123,Hyderabad
1525,Stephanie Brady,stephanie5014@yahoo.com,user,user123,Delhi
1526,Jonathan Johnson,jonathan8737@outlook.com,user,user123,Mumbai
1527,Lori Preston,lori2054@mail.com,user,user123,Pune
1528,William Delgado,william3799@company.com,user,user123,Bangalore
1529,Eric Flynn,eric6583@test.com,user,user123,Hyderabad
1530,Jennifer Coleman,jennifer9628 @ yahoo.com,user,user123,Delhi
1531,Gregory Stevenson,gregory6466 @ yahoo.com,user,user123,Mumbai
1532,Adam Hernandez,adam6210@outlook.com,user,user123,Pune
1533,Kelsey Brown,kelsey9550 @ gmail.com,user,user123,Bangalore
1534,David Harvey,david5819@company.com,user,user123,Hyderabad
1535,Edward Huynh,edward4119@outlook.com,user,user123,Delhi
1536,Benjamin Solis,benjamin9787@outlook.com,user,user123,Mumbai
1537,Kathleen Miller,kathleen2091@outlook.com,user,user123,Pune
1538,Marissa Spencer,marissa4413@gmail.com,user,user123,Bangalore
1539,Christine Harris,christine717@gmail.com,user,user123,Hyderabad
1540,Gabriel Clark,gabriel2727@company.com,user,user123,Delhi
1541,Kristin Conley MD,kristin9115@company.com,user,user123,Mumbai
1542,Cheyenne Smith,cheyenne1831@test.com,user,user123,Pune
1543,Adam Phillips,adam2343@gmail.com,user,user123,Bangalore
1544,Timothy Walters,timothy4858@outlook.com,user,user123,Hyderabad
1545,Jason Wells,jason3957 @ yahoo.com,user,user123,Delhi
1546,Thomas Bryant,thomas5464@test.com,user,user123,Mumbai
1547,EMILY HARTMAN,emily1272@test.com,user,user123,Pune
1549,Caleb Weaver,caleb222@test.com,user,user123,Hyderabad
1550,Christopher Smith,christopher6607@test.com,user,user123,Delhi
1551,Melissa Woods,melissa9443@company.com,user,user123,Mumbai
1552,Kathy Mack,kathy4883@test.com,user,user123,Pune
1553,Emily May,emily7874@test.com,user,user123,Bangalore
1554,Christian Vargas,christian8105@outlook.com,user,user123,Hyderabad
1555,CHERYL STEWART,cheryl9512@mail.com,user,user123,Delhi
1556,tara mcmahon,tara4334@mail.com,user,user123,Mumbai
1557,Laura Cole,laura844@mail.com,user,user123,Pune
1558,Kayla Jackson,kayla7041@company.com,user,user123,Bangalore
1559,Nancy Palmer,nancy8960@yahoo.com,user,user123,Hyderabad
1560,Dr. Destiny Woodward,dr.3188@test.com,user,user123,Delhi
1561,Deanna Tucker,deanna7802@gmail.com,user,user123,Mumbai
1562,Charles Reyes,charles103@company.com,user,user123,Pune
1563,michelle shaw,michelle1116@test.com,user,user123,Bangalore
1564,John Boyer,john881@company.com,user,user123,Hyderabad
1565,Kevin Carroll,kevin3148@mail.com,user,user123,Delhi
1566,Nicholas Lee,nicholas9061@outlook.com,user,user123,Mumbai
1567,Amber Dixon,amber4915@company.com,user,user123,Pune
1568,mark ryan,mark5802@test.com,user,user123,Bangalore
1569,Richard Davis,richard9704@test.com,user,user123,Hyderabad
1570,Cassidy Thompson,cassidy9309@gmail.com,user,user123,Delhi
1571,Terry Cole,terry891@company.com,user,user123,Mumbai
1572,Matthew Mitchell,matthew2842@mail.com,user,user123,Pune
1573,karen simon,karen6626@yahoo.com,user,user123,Bangalore
1574,Autumn Peterson,autumn8443@company.com,user,user123,Hyderabad
1575,Kimberly Harvey,kimberly6318@yahoo.com,user,user123,Delhi
1576,James Mullen,james6962@outlook.com,user,user123,Mumbai
1577,Stephen Gonzalez,stephen2101@yahoo.com,user,user123,Pune
1578,Anthony Brewer,anthony4603@gmail.com,user,user123,Bangalore
1579,Jacob Davidson,jacob9654@test.com,user,user123,Hyderabad
1580,NICHOLAS ALLEN,nicholas6087@yahoo.com,user,user123,Delhi
1581,Joseph White,joseph101@yahoo.com,user,user123,Mumbai
1582,Rhonda Livingston,rhonda8909@gmail.com,user,user123,Pune
1583,Ebony White,ebony2300@test.com,user,user123,Bangalore
1585,Emily Romero,emily1289@gmail.com,user,user123,Delhi
1586,Christopher Decker,christopher9330@outlook.com,user,user123,Mumbai
1587,KATHRYN GUTIERREZ,kathryn1825@test.com,user,user123,Pune
1588,Karen Salas,karen7365 @ outlook.com,user,user123,Bangalore
1590,David Hatfield,david9042@test.com,user,user123,Delhi
1591,Dr. James Newton DDS,dr.4211 @ company.com,user,user123,Mumbai
1592,Melissa Cooper,melissa8844@gmail.com,user,user123,Pune
1593,cody sandoval,cody6312@test.com,user,user123,Bangalore
1594,Angela Casey,angela3863@yahoo.com,user,user123,Hyderabad
1595,Dalton Santiago,dalton7958@mail.com,user,user123,Delhi
1596,Rhonda Sandoval,rhonda7900@gmail.com,user,user123,Mumbai
1598,Sarah Bell,sarah5072@gmail.com,user,user123,Bangalore
1600,Ashlee Patterson,ashlee3272@mail.com,user,user123,Delhi
1601,Madison Day,madison8696@gmail.com,user,user123,Mumbai
1602,Kristen White,kristen1818@gmail.com,user,user123,Pune
1603,Charles Hubbard,charles2964@gmail.com,user,user123,Bangalore
1604,Andrea Morales,andrea2485@mail.com,user,user123,Hyderabad
1605,Luke Willis,luke9888@gmail.com,user,user123,Delhi
1606,Robert Foster,robert8800@gmail.com,user,user123,Mumbai
1607,Charles Rose,charles7865@test.com,user,user123,Pune
1610,Jeffrey Robinson,jeffrey2646@gmail.com,user,user123,Delhi
1611,Kathryn Williams,kathryn824@company.com,user,user123,Mumbai
1612,Thomas Lindsey,thomas4569@mail.com,user,user123,Pune
1613,Christopher Freeman,christopher3350@gmail.com,user,user123,Bangalore
1614,Roger Fletcher,roger3574@company.com,user,user123,Hyderabad
1615,Laurie Cortez,laurie2808@test.com,user,user123,Delhi
1616,Walter Roberts,walter2286@gmail.com,user,user123,Mumbai
1617,Charles Johnson,charles7595@yahoo.com,user,user123,Pune
1619,Phillip Carter,phillip1899@outlook.com,user,user123,Hyderabad
1620,Jeffrey Key,jeffrey1073@yahoo.com,user,user123,Delhi
1621,Cindy Davis,cindy3299@mail.com,user,user123,Mumbai
1622,Roberto Bates,roberto8365@outlook.com,user,user123,Pune
1623,victoria bennett,victoria3525@test.com,user,user123,Bangalore
1624,Larry Blevins,larry1473@outlook.com,user,user123,Hyderabad
1625,Sean Cruz,sean385@company.com,user,user123,Delhi
1626,Linda Cook,linda5827@yahoo.com,user,user123,Mumbai
1627,Gary Castillo,gary3180@mail.com,user,user123,Pune
1628,Michael Henderson,michael7466@test.com,user,user123,Bangalore
1629,Brett Thomas,brett6462@mail.com,user,user123,Hyderabad
1630,brenda short phd,brenda489@outlook.com,user,user123,Delhi
1631,Tracy Sharp,tracy8311@mail.com,user,user123,Mumbai
1632,Nancy Johnson,nancy9453@yahoo.com,user,user123,Pune
1633,Christopher Gonzalez,christopher17@test.com,user,user123,Bangalore
1634,Emily Allison,emily7172@test.com,user,user123,Hyderabad
1635,Jennifer Kerr,jennifer4728@test.com,user,user123,Delhi
1636,Brett Gregory,brett8356 @ test.com,user,user123,Mumbai
1637,Jason Mills,jason8888@mail.com,user,user123,Pune
1638,MEGAN GARCIA,megan3629@mail.com,user,user123,Bangalore
1639,Jimmy Higgins,jimmy8299@company.com,user,user123,Hyderabad
1641,Anthony May,anthony8637@mail.com,user,user123,Mumbai
1642,Sarah Carter,sarah4788@gmail.com,user,user123,Pune
1643,John Ayala,john5668 @ company.com,user,user123,Bangalore
1644,Michael Williams,michael8124@mail.com,user,user123,Hyderabad
1647,Patricia Cherry MD,patricia836@outlook.com,user,user123,Pune
1648,David Smith,david8763@test.com,user,user123,Bangalore
1649,Jasmine Robinson,jasmine2120@test.com,user,user123,Hyderabad
1650,David Kelly,david2855@mail.com,user,user123,Delhi
1651,Amy Hawkins,amy4703@gmail.com,user,user123,Mumbai
1652,Angela Flores,angela4515@yahoo.com,user,user123,Pune
1653,Bailey Thomas,bailey7801 @ outlook.com,user,user123,Bangalore
1654,Abigail Wiley,abigail3798@gmail.com,user,user123,Hyderabad
1655,Joshua Hernandez,joshua9176@gmail.com,user,user123,Delhi
1656,Amanda Johnson,amanda715@outlook.com,user,user123,Mumbai
1657,Wesley Hardin,wesley2082@mail.com,user,user123,Pune
1658,Joshua Garcia,joshua8661@test.com,user,user123,Bangalore
1659,James Murphy,james5219@yahoo.com,user,user123,Hyderabad
1661,Laura Gutierrez,laura6445@test.com,user,user123,Mumbai
1662,Michael Branch,michael8564@gmail.com,user,user123,Pune
1663,Bryan Copeland,bryan6994@outlook.com,user,user123,Bangalore
1664,Samuel Robinson,samuel2132@gmail.com,user,user123,Hyderabad
1665,Andrew Dixon,andrew6009@outlook.com,user,user123,Delhi
1666,Christina Compton,christina7430@mail.com,user,user123,Mumbai
1667,Jasmine Barry,jasmine4958@yahoo.com,user,user123,Pune
1669,ANNETTE HARRISON,annette5387@test.com,user,user123,Hyderabad
1670,Mary Smith,mary570@gmail.com,user,user123,Delhi
1671,Michelle Burns,michelle1718@yahoo.com,user,user123,Mumbai
1672,Deborah Butler,deborah4613@company.com,user,user123,Pune
1673,Elaine Cisneros,elaine6054@mail.com,user,user123,Bangalore
1674,Michael Rodriguez,michael9362@mail.com,user,user123,Hyderabad
1675,Todd Wright,todd6309 @ company.com,user,user123,Delhi
1676,Rebecca Davis,rebecca2712@outlook.com,user,user123,Mumbai
1677,Edward Hopkins,edward4946@test.com,user,user123,Pune
1678,Hannah Maxwell,hannah8232@outlook.com,user,user123,Bangalore
1679,Joseph Caldwell,joseph3217@company.com,user,user123,Hyderabad
1681,Amy Alexander,amy2795@mail.com,user,user123,Mumbai
1682,Kristen Young,kristen5248@mail.com,user,user123,Pune
1683,John Curry,john5898@yahoo.com,user,user123,Bangalore
1684,emily fields,emily3122@mail.com,user,user123,Hyderabad
1685,Ashley Brown,ashley1366@test.com,user,user123,Delhi
1686,Andrew Arias,andrew9790@company.com,user,user123,Mumbai
1687,Jacqueline Perez,jacqueline7875@company.com,user,user123,Pune
1688,Allison Moore,allison4737@mail.com,user,user123,Bangalore
1689,Mary Ware,mary1831@test.com,user,user123,Hyderabad
1690,Angela Lowe,angela1842@mail.com,user,user123,Delhi
1691,Alexander Gray,alexander4936@mail.com,user,user123,Mumbai
1692,Michael Richardson,michael9669@gmail.com,user,user123,Pune
1694,Emily Wilson,emily1176@gmail.com,user,user123,Hyderabad
1695,Autumn Gray,autumn323@company.com,user,user123,Delhi
1696,Lisa Campbell,lisa5320@yahoo.com,user,user123,Mumbai
1697,Nicole Cochran,nicole6820@yahoo.com,user,user123,Pune
1698,Robert Jones,robert2014@yahoo.com,user,user123,Bangalore
1699,Dale Mccarthy,dale7359@mail.com,user,user123,Hyderabad
1700,Mr. Andrew Davis,mr.8151@gmail.com,user,user123,Delhi
1701,Kari Santos,kari8677@company.com,user,user123,Mumbai
1702,Matthew Johns,matthew590@company.com,user,user123,Pune
1703,Judy Wagner,judy6248@yahoo.com,user,user123,Bangalore
1704,Howard Sullivan,howard6089@yahoo.com,user,user123,Hyderabad
1705,Douglas Alexander MD,douglas9375@company.com,user,user123,Delhi
1706,Kimberly Kane,kimberly8064@mail.com,user,user123,Mumbai
1707,gary brown,gary3090@outlook.com,user,user123,Pune
1708,Michelle Ford,michelle4341@test.com,user,user123,Bangalore
1709,Michael Wright,michael7902@outlook.com,user,user123,Hyderabad
1710,Emily Burke,emily5146@yahoo.com,user,user123,Delhi
1711,SHAWN BUSH,shawn4343@gmail.com,user,user123,Mumbai
1712,Yesenia Roberts,yesenia2305@company.com,user,user123,Pune
1713,Andrew Ray,andrew8727 @ test.com,user,user123,Bangalore
1714,Jacqueline Smith,jacqueline7590@yahoo.com,user,user123,Hyderabad
1715,William Knight,william8116@test.com,user,user123,Delhi
1717,Tammy Meyer,tammy5819@yahoo.com,user,user123,Pune
1718,Sean Burke,sean8501@gmail.com,user,user123,Bangalore
1720,Dr. Judy Brown,dr.5082@outlook.com,user,user123,Delhi
1721,Patrick Martin,patrick7720@gmail.com,user,user123,Mumbai
1722,Megan Johnson,megan6538@company.com,user,user123,Pune
1723,Amanda Lowe,amanda2666@company.com,user,user123,Bangalore
1724,Samantha Simmons,samantha9050@company.com,user,user123,Hyderabad
1725,Cynthia Hill,cynthia9696@test.com,user,user123,Delhi
1726,reginald kelley,reginald1916@gmail.com,user,user123,Mumbai
1727,MERCEDES ALVARADO,mercedes42@yahoo.com,user,user123,Pune
1728,Patricia Trujillo,patricia5654@gmail.com,user,user123,Bangalore
1729,Amy Mcpherson,amy263 @ outlook.com,user,user123,Hyderabad
1730,Tracy Smith,tracy4421@outlook.com,user,user123,Delhi
1731,Justin Fuentes,justin9402@outlook.com,user,user123,Mumbai
1732,Jessica Munoz,jessica6732@gmail.com,user,user123,Pune
1733,Justin Dean,justin603@yahoo.com,user,user123,Bangalore
1734,David Gonzalez,david8774@gmail.com,user,user123,Hyderabad
1735,Lisa Baldwin,lisa2594@mail.com,user,user123,Delhi
1736,Kevin Freeman,kevin753@company.com,user,user123,Mumbai
1738,Douglas Watkins,douglas5768@gmail.com,user,user123,Bangalore
1739,Jay Lee,jay9691@yahoo.com,user,user123,Hyderabad
1740,Barbara Francis,barbara4816 @ company.com,user,user123,Delhi
1741,Elizabeth Bolton,elizabeth2792@outlook.com,user,user123,Mumbai
1742,Aimee Price,aimee8510@company.com,user,user123,Pune
1743,Andrea Montgomery,andrea8076@yahoo.com,user,user123,Bangalore
1744,Troy Smith,troy8345@company.com,user,user123,Hyderabad
1745,Rebecca Sweeney,rebecca312@gmail.com,user,user123,Delhi
1746,Margaret Mitchell,margaret3417@yahoo.com,user,user123,Mumbai
1747,Ryan Ochoa,ryan8197@yahoo.com,user,user123,Pune
1748,Brenda Choi,brenda1909@gmail.com,user,user123,Bangalore
1749,Jacqueline Allen,jacqueline4548@company.com,user,user123,Hyderabad
1750,Edward Pennington,edward2289@test.com,user,user123,Delhi
1751,philip chaney,philip203@outlook.com,user,user123,Mumbai
1754,Ashley Smith,ashley4346@yahoo.com,user,user123,Hyderabad
1755,Sergio Baker,sergio5023@company.com,user,user123,Delhi
1756,Anthony Torres,anthony9319@yahoo.com,user,user123,Mumbai
1757,Anthony Gutierrez,anthony9090@yahoo.com,user,user123,Pune
1758,Jeffrey Cole,jeffrey3456@test.com,user,user123,Bangalore
1759,Nathan Vazquez,nathan2576@mail.com,user,user123,Hyderabad
1760,Mark Morales,mark2665@yahoo.com,user,user123,Delhi
1761,Michael White,michael2312@outlook.com,user,user123,Mumbai
1762,Jacqueline Preston,jacqueline585 @ gmail.com,user,user123,Pune
1763,jennifer rodriguez,jennifer6596@company.com,user,user123,Bangalore
1764,Kaitlyn Knapp,kaitlyn6069@gmail.com,user,user123,Hyderabad
1765,Anna Pittman,anna4600@yahoo.com,user,user123,Delhi
1766,Tommy Lucero MD,tommy6648@company.com,user,user123,Mumbai
1767,Michele Lee,michele5958@company.com,user,user123,Pune
1768,Richard Vang,richard5937@outlook.com,user,user123,Bangalore
1770,JULIE GORDON,julie5591@company.com,user,user123,Delhi
1771,Mark Logan,mark9519@gmail.com,user,user123,Mumbai
1773,Larry Neal,larry5295@mail.com,user,user123,Bangalore
1774,Andrea Murphy,andrea4133@gmail.com,user,user123,Hyderabad
1776,John Russell,john7077@company.com,user,user123,Mumbai
1777,Ashlee Castro,ashlee7182@mail.com,user,user123,Pune
1778,Wanda Miller,wanda430@gmail.com,user,user123,Bangalore
1779,Jeffrey Barnes,jeffrey2100@mail.com,user,user123,Hyderabad
1780,Sarah Cook,sarah6099@yahoo.com,user,user123,Delhi
1781,Sonia Allen,sonia1790@outlook.com,user,user123,Mumbai
1782,Meghan Griffith,meghan3338@yahoo.com,user,user123,Pune
1783,AMANDA MILLER,amanda261@outlook.com,user,user123,Bangalore
1784,GREGORY PHILLIPS,gregory8616@test.com,user,user123,Hyderabad
1785,Samantha Mccarthy,samantha5688@gmail.com,user,user123,Delhi
1786,Frank Rice,frank9279@test.com,user,user123,Mumbai
1787,Edward Woods,edward9771@yahoo.com,user,user123,Pune
1788,ELIJAH FERNANDEZ,elijah547@company.com,user,user123,Bangalore
1789,SUSAN WILLIAMS,susan6817@outlook.com,user,user123,Hyderabad
1790,Julie Johnson,julie8045@gmail.com,user,user123,Delhi
1791,Glenn Martinez,glenn7399@yahoo.com,user,user123,Mumbai
1792,Richard Jones,richard8241@gmail.com,user,user123,Pune
1793,James Roth,james8213@outlook.com,user,user123,Bangalore
1795,Rachael Benitez,rachael7738@yahoo.com,user,user123,Delhi
1796,Tristan Elliott,tristan9769@yahoo.com,user,user123,Mumbai
1797,Amber Watson,amber6214@yahoo.com,user,user123,Pune
1798,Loretta Stevens,loretta7955@test.com,user,user123,Bangalore
1799,Dr. Michael Lewis II,dr.3372@gmail.com,user,user123,Hyderabad
1800,Mary Fox,mary6795@test.com,user,user123,Delhi
1801,mark nelson,mark3963@company.com,user,user123,Mumbai
1802,Derek Smith,derek5610@mail.com,user,user123,Pune
1803,Samuel Armstrong,samuel8396@gmail.com,user,user123,Bangalore
1804,Christian Webster,christian9431@company.com,user,user123,Hyderabad
1805,Ruth Mckee,ruth4108@outlook.com,user,user123,Delhi
1807,Adrian Roach,adrian4139@gmail.com,user,user123,Pune
1808,Kara Guerra,kara6239@gmail.com,user,user123,Bangalore
1810,Miguel Anderson,miguel2068@company.com,user,user123,Delhi
1811,Gary Allen,gary1509@company.com,user,user123,Mumbai
1812,LISA SHAW,lisa9801@gmail.com,user,user123,Pune
1813,Wendy Edwards,wendy5731@test.com,user,user123,Bangalore
1814,Lori Roach,lori8666@company.com,user,user123,Hyderabad
1815,David Byrd,david1544@outlook.com,user,user123,Delhi
1816,Jonathan Key,jonathan3126@outlook.com,user,user123,Mumbai
1817,rebecca castillo,rebecca7704@test.com,user,user123,Pune
1818,wayne gonzalez,wayne3528@mail.com,user,user123,Bangalore
1819,Amy Castro,amy8572@gmail.com,user,user123,Hyderabad
1820,Mrs. Ariel Houston,mrs.5066@gmail.com,user,user123,Delhi
1821,Amanda James,amanda3034@test.com,user,user123,Mumbai
1822,Brandon Keller,brandon9681@test.com,user,user123,Pune
1823,samantha delacruz,samantha6875@test.com,user,user123,Bangalore
1824,Trevor Kennedy,trevor8106@yahoo.com,user,user123,Hyderabad
1825,Cheryl Williams,cheryl6607 @ mail.com,user,user123,Delhi
1827,Kathleen Patrick,kathleen3441@yahoo.com,user,user123,Pune
1828,Keith Lee,keith1488@test.com,user,user123,Bangalore
1829,Elizabeth Fuentes,elizabeth2039@company.com,user,user123,Hyderabad
1830,Joshua Matthews,joshua8901@outlook.com,user,user123,Delhi
1831,Kathryn Boyd,kathryn5348@gmail.com,user,user123,Mumbai
1832,Felicia Harvey,felicia8101@test.com,user,user123,Pune
1833,Brad Dickerson DVM,brad486@yahoo.com,user,user123,Bangalore
1834,Lisa Smith,lisa1009@yahoo.com,user,user123,Hyderabad
1835,Phillip Ruiz,phillip133@yahoo.com,user,user123,Delhi
1836,Jeffrey Smith,jeffrey7127@company.com,user,user123,Mumbai
1837,Taylor Ray,taylor4237@outlook.com,user,user123,Pune
1838,Kathleen Rose,kathleen6937@company.com,user,user123,Bangalore
1839,Lisa Campbell,lisa9919@outlook.com,user,user123,Hyderabad
1840,Mark Mcdowell,mark3200@mail.com,user,user123,Delhi
1841,Sarah Atkinson,sarah8853@test.com,user,user123,Mumbai
1842,Steven Martinez,steven1006@company.com,user,user123,Pune
1843,James Lopez,james5917@gmail.com,user,user123,Bangalore
1844,Gabriel Fernandez,gabriel2574@mail.com,user,user123,Hyderabad
1845,Sean Gonzales,sean5285@outlook.com,user,user123,Delhi
1846,Theresa Taylor,theresa8180@test.com,user,user123,Mumbai
1847,melissa castillo dvm,melissa681@outlook.com,user,user123,Pune
1848,Jessica Hansen,jessica7800@mail.com,user,user123,Bangalore
1849,Caitlin Sanchez,caitlin7344@company.com,user,user123,Hyderabad
1850,Emily Ruiz,emily1515@yahoo.com,user,user123,Delhi
1851,Lucas Brooks,lucas5978@outlook.com,user,user123,Mumbai
1852,Jacob May,jacob8974@yahoo.com,user,user123,Pune
1853,Jay Johnson,jay2995@gmail.com,user,user123,Bangalore
1854,Patricia Meyer,patricia8536@test.com,user,user123,Hyderabad
1855,Jennifer Lewis,jennifer902@mail.com,user,user123,Delhi
1856,Justin Brown,justin9620@outlook.com,user,user123,Mumbai
1857,Anthony Harvey,anthony5890@company.com,user,user123,Pune
1858,Joseph Jones,joseph7631 @ gmail.com,user,user123,Bangalore
1859,Kylie Taylor,kylie4194@test.com,user,user123,Hyderabad
1860,jack bean,jack7473@yahoo.com,user,user123,Delhi
1861,Austin Burke,austin8879@yahoo.com,user,user123,Mumbai
1862,Ashley Long,ashley6352@gmail.com,user,user123,Pune
1863,Joseph Rodriguez,joseph736@gmail.com,user,user123,Bangalore
1864,Amanda Gallagher,amanda787@company.com,user,user123,Hyderabad
1865,Ellen Welch,ellen4914@outlook.com,user,user123,Delhi
1866,Rachel Brown,rachel8116@company.com,user,user123,Mumbai
1867,Brandon Wright,brandon6664@mail.com,user,user123,Pune
1868,Briana Foster,briana3035@yahoo.com,user,user123,Bangalore
1869,Heather Smith,heather8235 @ mail.com,user,user123,Hyderabad
1870,Mark Lynch,mark226@outlook.com,user,user123,Delhi
1871,Michael Rogers,michael6496@test.com,user,user123,Mumbai
1872,Kevin Snow,kevin4403@outlook.com,user,user123,Pune
1873,Alexis Hernandez,alexis6439@test.com,user,user123,Bangalore
1874,MICHAEL MCLAUGHLIN,michael8401@yahoo.com,user,user123,Hyderabad
1875,John Armstrong,john5601 @ mail.com,user,user123,Delhi
1876,Allison Luna,allison581@yahoo.com,user,user123,Mumbai
1877,George Mason,george432@outlook.com,user,user123,Pune
1878,Robert Ruiz,robert9356@outlook.com,user,user123,Bangalore
1881,Kathryn Spencer,kathryn18@test.com,user,user123,Mumbai
1882,Courtney Cervantes MD,courtney4753@company.com,user,user123,Pune
1883,Mr. Gregory Snow,mr.9@yahoo.com,user,user123,Bangalore
1884,Julia Charles,julia1838@company.com,user,user123,Hyderabad
1885,John Young,john2251@test.com,user,user123,Delhi
1886,Adam Shields,adam2814@mail.com,user,user123,Mumbai
1887,Brittany Myers,brittany1247@test.com,user,user123,Pune
1888,Alex Munoz,alex9332@yahoo.com,user,user123,Bangalore
1889,Ashley Brewer,ashley1021@company.com,user,user123,Hyderabad
1891,Sheryl Mcclain,sheryl7674@yahoo.com,user,user123,Mumbai
1892,Brian Garza,brian3150@yahoo.com,user,user123,Pune
1893,Miss Deborah Wright PhD,miss5820@yahoo.com,user,user123,Bangalore
1894,Kelly Mcgee,kelly1051@test.com,user,user123,Hyderabad
1895,Heather Wallace,heather6090@test.com,user,user123,Delhi
1896,Katherine Hunter,katherine2091@yahoo.com,user,user123,Mumbai
1897,Jesus Larson,jesus4761@test.com,user,user123,Pune
1898,STEVEN CHOI,steven1344@outlook.com,user,user123,Bangalore
1899,Patrick Davis,patrick555@test.com,user,user123,Hyderabad
1900,Matthew Frey,matthew3114@outlook.com,user,user123,Delhi
1901,Kyle Schultz,kyle9737@yahoo.com,user,user123,Mumbai
1902,Patricia Hampton,patricia6497@gmail.com,user,user123,Pune
1903,Brian Bryant,brian3525@yahoo.com,user,user123,Bangalore
1904,Dr. Angela Huang,dr.3424@yahoo.com,user,user123,Hyderabad
1905,Katrina Soto,katrina1814@yahoo.com,user,user123,Delhi
1906,Michelle White,michelle5711@yahoo.com,user,user123,Mumbai
1907,David Thomas,david4162 @ gmail.com,user,user123,Pune
1908,Daniel Lozano,daniel4504 @ gmail.com,user,user123,Bangalore
1909,Gail Evans,gail4919 @ yahoo.com,user,user123,Hyderabad
1910,Robert Wolfe,robert7185@company.com,user,user123,Delhi
1911,Angela Young,angela5692@mail.com,user,user123,Mumbai
1912,Terry Acosta,terry7169@company.com,user,user123,Pune
1913,Nichole Powell,nichole7303@mail.com,user,user123,Bangalore
1914,Michele Phillips,michele7961@mail.com,user,user123,Hyderabad
1915,Rebecca Mann,rebecca1860@gmail.com,user,user123,Delhi
1916,Jose Glover,jose3534@outlook.com,user,user123,Mumbai
1917,Daniel Carrillo,daniel1644@outlook.com,user,user123,Pune
1918,Stephen Davis,stephen1913@company.com,user,user123,Bangalore
1919,Joshua Ferrell,joshua8506@outlook.com,user,user123,Hyderabad
1920,BARBARA FRAZIER,barbara9970@test.com,user,user123,Delhi
1921,Joanne Turner,joanne4818@outlook.com,user,user123,Mumbai
1922,Andrew Roy,andrew6691@mail.com,user,user123,Pune
1923,Savannah Gonzalez,savannah8397@outlook.com,user,user123,Bangalore
1924,Elizabeth Jackson,elizabeth3896 @ yahoo.com,user,user123,Hyderabad
1925,jonathan jordan,jonathan537@company.com,user,user123,Delhi
1926,Tina Blevins,tina4832@test.com,user,user123,Mumbai
1927,Jacob Evans,jacob245@gmail.com,user,user123,Pune
1928,Dawn Graham,dawn6577@company.com,user,user123,Bangalore
1929,Matthew Harris,matthew3893@company.com,user,user123,Hyderabad
1930,CHRISTOPHER BELL,christopher1081@test.com,user,user123,Delhi
1931,George Love,george1299@gmail.com,user,user123,Mumbai
1932,Jaime Moore,jaime7691@gmail.com,user,user123,Pune
1933,Jimmy Mendez,jimmy5526 @ gmail.com,user,user123,Bangalore
1934,Taylor Medina,taylor4425@test.com,user,user123,Hyderabad
1935,Elizabeth West,elizabeth7413@outlook.com,user,user123,Delhi
1936,Haley Jackson,haley8810@outlook.com,user,user123,Mumbai
1937,Aaron Steele,aaron7897@test.com,user,user123,Pune
1938,Micheal Alvarez,micheal9036@yahoo.com,user,user123,Bangalore
1939,Audrey Flores,audrey8877@outlook.com,user,user123,Hyderabad
1940,Victor Vega,victor8311@test.com,user,user123,Delhi
1941,pamela monroe,pamela3633@test.com,user,user123,Mumbai
1942,Adam Scott,adam5723@outlook.com,user,user123,Pune
1943,John Keller,john6143@yahoo.com,user,user123,Bangalore
1944,Michael Harrington,michael3296@mail.com,user,user123,Hyderabad
1945,Alyssa Morgan,alyssa2503@test.com,user,user123,Delhi
1946,Matthew Munoz,matthew9001@mail.com,user,user123,Mumbai
1947,Ryan Ferguson,ryan1919@mail.com,user,user123,Pune
1948,Jamie Thomas,jamie4849@mail.com,user,user123,Bangalore
1949,Michelle Rojas,michelle5382@outlook.com,user,user123,Hyderabad
1950,Matthew Espinoza,matthew4125@test.com,user,user123,Delhi
1951,Lisa Horne,lisa9825@yahoo.com,user,user123,Mumbai
1952,Michael Strong,michael4161@yahoo.com,user,user123,Pune
1953,Nancy Cabrera,nancy9525@yahoo.com,user,user123,Bangalore
1954,Andrea Ramos,andrea9331@yahoo.com,user,user123,Hyderabad
1955,Andrea Livingston,andrea3279@test.com,user,user123,Delhi
1956,Joseph Gibson,joseph5061@yahoo.com,user,user123,Mumbai
1957,Tyler Crawford,tyler4749@outlook.com,user,user123,Pune
1958,Chad Stevens,chad1775@gmail.com,user,user123,Bangalore
1959,Elizabeth Peters,elizabeth1383@test.com,user,user123,Hyderabad
1960,monica pearson,monica5140@gmail.com,user,user123,Delhi
1961,Tanya Lopez,tanya6679@company.com,user,user123,Mumbai
1962,Edward Hancock,edward9126 @ company.com,user,user123,Pune
1963,Wendy Jones,wendy6811@mail.com,user,user123,Bangalore
1965,Steven Medina,steven4505@mail.com,user,user123,Delhi
1966,Garrett Williams,garrett2816@gmail.com,user,user123,Mumbai
1967,Whitney Hernandez,whitney1588 @ gmail.com,user,user123,Pune
1968,Melinda King,melinda5341@gmail.com,user,user123,Bangalore
1969,Aaron Bruce,aaron7379@test.com,user,user123,Hyderabad
1970,Michael Perkins,michael9945@yahoo.com,user,user123,Delhi
1971,Valerie Wagner,valerie5076 @ company.com,user,user123,Mumbai
1972,Calvin York,calvin9612@mail.com,user,user123,Pune
1973,Cynthia Brown,cynthia3323@outlook.com,user,user123,Bangalore
1974,Carol Rangel,carol275@yahoo.com,user,user123,Hyderabad
1975,Laura Rogers,laura9471@outlook.com,user,user123,Delhi
1976,David Rivera,david7891@yahoo.com,user,user123,Mumbai
1977,Justin Adams,justin4803@outlook.com,user,user123,Pune
1978,Evelyn Armstrong,evelyn7530@yahoo.com,user,user123,Bangalore
1979,Susan Taylor,susan9988@outlook.com,user,user123,Hyderabad
1980,Hannah Cole,hannah6507@mail.com,user,user123,Delhi
1981,Paul Alvarez,paul5814@gmail.com,user,user123,Mumbai
1982,charlene adams,charlene4671@gmail.com,user,user123,Pune
1983,Douglas Allen,douglas3573@company.com,user,user123,Bangalore
1984,MICHELLE BISHOP,michelle8062@test.com,user,user123,Hyderabad
1985,Nathan Martinez MD,nathan4835@mail.com,user,user123,Delhi
1986,Richard Gibbs,richard8@test.com,user,user123,Mumbai
1987,Barbara Hernandez,barbara3944@mail.com,user,user123,Pune
1988,Jeffrey Blackburn,jeffrey4742@yahoo.com,user,user123,Bangalore
1990,dylan graham,dylan9560@mail.com,user,user123,Delhi
1991,Patrick Glover,patrick6237@gmail.com,user,user123,Mumbai
1992,Douglas Johnson,douglas2383@mail.com,user,user123,Pune
1993,Evelyn Chapman,evelyn3644@gmail.com,user,user123,Bangalore
1994,Travis Shaw,travis5396@yahoo.com,user,user123,Hyderabad
1995,Tammy Stevens,tammy5043 @ outlook.com,user,user123,Delhi
1996,tanya manning,tanya9631@gmail.com,user,user123,Mumbai
1997,Heather Clark,heather9843@test.com,user,user123,Pune
1998,Ricardo Page,ricardo1866@company.com,user,user123,Bangalore
1999,Mr. Anthony Alexander DDS,mr.104 @ company.com,user,user123,Hyderabad
2000,Melissa Foster,melissa7451@outlook.com,user,user123,Delhi
2001,Dustin Hammond,dustin5736@test.com,user,user123,Mumbai
2002,Kimberly Harper,kimberly9880 @ outlook.com,user,user123,Pune
2003,Ashley Lopez,ashley5982@gmail.com,user,user123,Bangalore
2004,lori combs,lori8019@yahoo.com,user,user123,Hyderabad
2005,Charles Rodriguez,charles7332 @ outlook.com,user,user123,Delhi
2006,Daniel Williams,daniel2560@yahoo.com,user,user123,Mumbai
2007,Ashley Mcbride,ashley8330@test.com,user,user123,Pune
2008,DOMINIC PARRISH,dominic4407@mail.com,user,user123,Bangalore
2009,Travis Daniel,travis3471@gmail.com,user,user123,Hyderabad
2010,Mary Maldonado,mary8404@company.com,user,user123,Delhi
2011,JIMMY CAMACHO,jimmy7215@outlook.com,user,user123,Mumbai
2012,Tiffany Wagner,tiffany8190@test.com,user,user123,Pune
2013,Christopher Mcfarland,christopher3159 @ yahoo.com,user,user123,Bangalore
2014,alexander beasley,alexander9717@yahoo.com,user,user123,Hyderabad
2015,Tammy Patel,tammy3333@gmail.com,user,user123,Delhi
2016,Debra Alvarez,debra3767@mail.com,user,user123,Mumbai
2017,Nicholas Mcgrath,nicholas5419@company.com,user,user123,Pune
2018,Chad Graham,chad5039@mail.com,user,user123,Bangalore
2019,Mackenzie Obrien,mackenzie6862@test.com,user,user123,Hyderabad
2020,Michelle Walters,michelle5977@mail.com,user,user123,Delhi
2021,Lindsey Lawrence,lindsey1370@test.com,user,user123,Mumbai
2022,Katrina Francis,katrina466@test.com,user,user123,Pune
2023,Dennis Hill,dennis9798@yahoo.com,user,user123,Bangalore
2024,Christopher Rodgers,christopher6598@company.com,user,user123,Hyderabad
2025,Nathan Evans,nathan2082 @ yahoo.com,user,user123,Delhi
2026,Kyle Peters,kyle8460 @ yahoo.com,user,user123,Mumbai
2027,Grant Ortiz,grant1291@company.com,user,user123,Pune
2028,Lisa Ford,lisa5420@mail.com,user,user123,Bangalore
2029,Judith Patterson,judith8339@yahoo.com,user,user123,Hyderabad
2030,Christopher Jones,christopher2799@company.com,user,user123,Delhi
2031,Clayton Arnold,clayton9157 @ company.com,user,user123,Mumbai
2032,stephen allen,stephen5300@yahoo.com,user,user123,Pune
2033,caroline mcmahon,caroline4523@company.com,user,user123,Bangalore
2034,Christine Stephens,christine884@outlook.com,user,user123,Hyderabad
2035,Paul Stanton,paul1503@yahoo.com,user,user123,Delhi
2036,mark stein,mark211@gmail.com,user,user123,Mumbai
2038,PATRICIA WILLIAMS,patricia4556@company.com,user,user123,Bangalore
2039,MICHELLE SHAW,michelle6325@company.com,user,user123,Hyderabad
2040,Daniel Harris,daniel7076@test.com,user,user123,Delhi
2041,Allison Tate,allison3349@mail.com,user,user123,Mumbai
2042,Gina Rhodes,gina6938@test.com,user,user123,Pune
2043,Amanda Vasquez,amanda6741 @ yahoo.com,user,user123,Bangalore
2044,Christopher Mendez,christopher5240@test.com,user,user123,Hyderabad
2045,John Gordon,john943@outlook.com,user,user123,Delhi
2046,Jeffery Silva,jeffery6363@yahoo.com,user,user123,Mumbai
2047,Raymond Jones,raymond5665@gmail.com,user,user123,Pune
2048,Adrienne Johnson,adrienne7080@gmail.com,user,user123,Bangalore
2049,Brandon Ford,brandon902@mail.com,user,user123,Hyderabad
2050,Rachel Brown,rachel8941@yahoo.com,user,user123,Delhi
2051,Wendy Nguyen,wendy7216@test.com,user,user123,Mumbai
2052,Alexander Turner,alexander8517@yahoo.com,user,user123,Pune
2053,John Koch,john9697 @ gmail.com,user,user123,Bangalore
2054,Christopher Brown,christopher6912@yahoo.com,user,user123,Hyderabad
2055,Tara Melendez,tara4095@outlook.com,user,user123,Delhi
2056,Allison Brock,allison3198@gmail.com,user,user123,Mumbai
2057,sierra dunn,sierra6989@company.com,user,user123,Pune
2058,Amber Lara,amber6987@yahoo.com,user,user123,Bangalore
2059,Glenn Bell,glenn2645@yahoo.com,user,user123,Hyderabad
2060,Joseph Stein,joseph7831@outlook.com,user,user123,Delhi
2061,Julie Hughes,julie3650@mail.com,user,user123,Mumbai
2062,John Hall,john3067@company.com,user,user123,Pune
2063,Randy Guzman,randy8837@test.com,user,user123,Bangalore
2064,Sydney Griffith,sydney1984@outlook.com,user,user123,Hyderabad
2065,Karen Clark,karen7841@yahoo.com,user,user123,Delhi
2066,CURTIS REYNOLDS,curtis5999@mail.com,user,user123,Mumbai
2067,Marissa Buchanan,marissa7163@outlook.com,user,user123,Pune
2068,Emily Duran,emily8480@gmail.com,user,user123,Bangalore
2069,Joseph Smith,joseph3268@test.com,user,user123,Hyderabad
2070,Brandy Clayton,brandy4452@outlook.com,user,user123,Delhi
2071,Ashley Gutierrez DVM,ashley5227@gmail.com,user,user123,Mumbai
2072,Rebecca Perez,rebecca2443@outlook.com,user,user123,Pune
2074,Diane Turner,diane3121@test.com,user,user123,Hyderabad
2075,Brian Williams,brian7021@company.com,user,user123,Delhi
2076,Russell Mendez,russell2228 @ mail.com,user,user123,Mumbai
2077,Katelyn Davis,katelyn9998@outlook.com,user,user123,Pune
2078,William Malone,william8210@outlook.com,user,user123,Bangalore
2079,Lisa Webster,lisa1839@test.com,user,user123,Hyderabad
2080,Meredith Lewis,meredith5183@outlook.com,user,user123,Delhi
2081,Teresa Walters,teresa904@gmail.com,user,user123,Mumbai
2082,Tony White,tony3844@mail.com,user,user123,Pune
2083,James White,james8551@yahoo.com,user,user123,Bangalore
2084,kathleen taylor,kathleen8439@gmail.com,user,user123,Hyderabad
2085,Megan Vang,megan4181@test.com,user,user123,Delhi
2086,Mark Hughes,mark681@outlook.com,user,user123,Mumbai
2087,Andre Orozco,andre7546@gmail.com,user,user123,Pune
2088,emily kelley,emily3283@company.com,user,user123,Bangalore
2089,Randy Walsh,randy1253@outlook.com,user,user123,Hyderabad
2090,Sheila Dudley,sheila7047@gmail.com,user,user123,Delhi
2091,Jose Zhang,jose1586@company.com,user,user123,Mumbai
2092,Heather Bowen,heather7820@test.com,user,user123,Pune
2094,Joyce Johnston,joyce27@gmail.com,user,user123,Hyderabad
2095,Rodney Sullivan,rodney9924@gmail.com,user,user123,Delhi
2096,Karen Sherman,karen1408@gmail.com,user,user123,Mumbai
2097,Melinda Morgan,melinda4251@company.com,user,user123,Pune
2098,Pamela Mayo,pamela4525@company.com,user,user123,Bangalore
2099,Brian Rodriguez,brian354@company.com,user,user123,Hyderabad
2100,andrew stuart,andrew3393@outlook.com,user,user123,Delhi
2101,Rebecca Campbell,rebecca4577@yahoo.com,user,user123,Mumbai
2102,George Flynn,george4592@outlook.com,user,user123,Pune
2103,Mary Gonzales,mary6667@test.com,user,user123,Bangalore
2104,David Williams,david6708@gmail.com,user,user123,Hyderabad
2105,Brittany Brown,brittany5558@company.com,user,user123,Delhi
2106,Christina Gonzalez DDS,christina9312@outlook.com,user,user123,Mumbai
2107,John Griffin,john7133@company.com,user,user123,Pune
2108,Justin Frank,justin5384@test.com,user,user123,Bangalore
2109,Ashley Lewis,ashley2188@gmail.com,user,user123,Hyderabad
2111,David Khan,david381@gmail.com,user,user123,Mumbai
2112,Mariah Schwartz,mariah4688@mail.com,user,user123,Pune
2113,Alexis Trujillo,alexis9109@outlook.com,user,user123,Bangalore
2114,James Hill,james5845@outlook.com,user,user123,Hyderabad
2115,Maria Lucas,maria7036@gmail.com,user,user123,Delhi
2117,Karen Fuentes,karen6993@outlook.com,user,user123,Pune
2118,John Thomas,john9472@outlook.com,user,user123,Bangalore
2119,Tiffany Quinn,tiffany327@outlook.com,user,user123,Hyderabad
2120,Sarah Dunn,sarah4675@outlook.com,user,user123,Delhi
2121,Shannon Christensen,shannon6899@test.com,user,user123,Mumbai
2122,Stephanie Garcia,stephanie3041@gmail.com,user,user123,Pune
2123,Beth Smith,beth6541 @ test.com,user,user123,Bangalore
2124,Rebecca Jackson,rebecca4223@yahoo.com,user,user123,Hyderabad
2125,Christopher Cruz,christopher4189@company.com,user,user123,Delhi
2127,Gina Kane,gina1780@test.com,user,user123,Pune
2128,Brian Thompson,brian5622@mail.com,user,user123,Bangalore
2129,Richard Lee,richard365@test.com,user,user123,Hyderabad
2130,Sheila Shepherd,sheila4669@yahoo.com,user,user123,Delhi
2131,Jacob Rivera,jacob6774@test.com,user,user123,Mumbai
2132,Megan Jordan,megan9162@company.com,user,user123,Pune
2133,Christian Frazier,christian8710@gmail.com,user,user123,Bangalore
2134,Scott Gardner,scott7328@gmail.com,user,user123,Hyderabad
2135,Lori Bell,lori2886@company.com,user,user123,Delhi
2136,Andrew Williams,andrew912@test.com,user,user123,Mumbai
2137,Brian Long,brian8902@company.com,user,user123,Pune
2138,CHERYL MILLER,cheryl791@company.com,user,user123,Bangalore
2139,Richard Hatfield II,richard5310@mail.com,user,user123,Hyderabad
2140,Jimmy Moreno,jimmy8485@test.com,user,user123,Delhi
2141,Ronald Johnson,ronald4220@yahoo.com,user,user123,Mumbai
2142,Logan Martin,logan9059@company.com,user,user123,Pune
2143,Daniel Cooper,daniel1503@test.com,user,user123,Bangalore
2144,PAMELA MERRITT,pamela4286@mail.com,user,user123,Hyderabad
2145,melissa turner,melissa7869@company.com,user,user123,Delhi
2146,Summer Cook,summer7883@outlook.com,user,user123,Mumbai
2147,Christopher Mitchell,christopher4247@company.com,user,user123,Pune
2148,Eric Singh,eric1581@outlook.com,user,user123,Bangalore
2149,Kathleen Brown,kathleen5343@yahoo.com,user,user123,Hyderabad
2150,JEREMY OWENS,jeremy1511@gmail.com,user,user123,Delhi
2151,Stephanie Wells,stephanie9473@test.com,user,user123,Mumbai
2152,Angel Decker,angel5698@outlook.com,user,user123,Pune
2153,Adam Chavez,adam2738@outlook.com,user,user123,Bangalore
2154,Charlotte Sullivan,charlotte4025@yahoo.com,user,user123,Hyderabad
2155,Catherine Rodriguez,catherine9750 @ yahoo.com,user,user123,Delhi
2156,Steven Lee,steven7189@company.com,user,user123,Mumbai
2158,Karen Marks,karen7430@outlook.com,user,user123,Bangalore
2159,Tamara Leonard,tamara1932@yahoo.com,user,user123,Hyderabad
2161,Manuel Ballard,manuel8749@yahoo.com,user,user123,Mumbai
2162,Lauren Craig,lauren612@test.com,user,user123,Pune
2163,Joseph Gilbert,joseph1412@gmail.com,user,user123,Bangalore
2164,Jonathan Graves,jonathan8703@mail.com,user,user123,Hyderabad
2165,jeffrey miranda,jeffrey640@gmail.com,user,user123,Delhi
2166,Kimberly Simon MD,kimberly370@yahoo.com,user,user123,Mumbai
2167,Jeremy Gomez,jeremy1476@gmail.com,user,user123,Pune
2168,Eugene Brewer,eugene5366@company.com,user,user123,Bangalore
2169,Nathan Arias,nathan2290@outlook.com,user,user123,Hyderabad
2170,Karen Ross,karen2895@outlook.com,user,user123,Delhi
2171,Ian Lambert,ian6792@test.com,user,user123,Mumbai
2174,Robert Padilla,robert9241@outlook.com,user,user123,Hyderabad
2175,Cody Guerrero,cody7424@outlook.com,user,user123,Delhi
2176,Dr. Donald Wong,dr.3599@outlook.com,user,user123,Mumbai
2177,Douglas Williamson,douglas829@company.com,user,user123,Pune
2178,Dylan Weaver,dylan7234@yahoo.com,user,user123,Bangalore
2179,Juan Jackson,juan1682@outlook.com,user,user123,Hyderabad
2181,Nicholas Bentley,nicholas5373@outlook.com,user,user123,Mumbai
2182,Terry Cobb,terry1410@yahoo.com,user,user123,Pune
2183,CHRISTOPHER HILL,christopher4453@test.com,user,user123,Bangalore
2184,Alexis Dominguez,alexis1606@yahoo.com,user,user123,Hyderabad
2185,Alexander Miller,alexander6432@test.com,user,user123,Delhi
2186,Alexander Wolfe,alexander1261@test.com,user,user123,Mumbai
2187,Donald Evans,donald4650@outlook.com,user,user123,Pune
2188,Laurie Bryant,laurie2527@mail.com,user,user123,Bangalore
2189,Timothy Jordan,timothy6047@gmail.com,user,user123,Hyderabad
2190,Christine Rose,christine8207@company.com,user,user123,Delhi
2191,Rebecca Smith,rebecca6837@yahoo.com,user,user123,Mumbai
2192,James Davis,james8815@gmail.com,user,user123,Pune
2193,Cathy Santana,cathy9444@gmail.com,user,user123,Bangalore
2194,Catherine Waters,catherine1630@outlook.com,user,user123,Hyderabad
2195,Kelly Lynch,kelly3365@mail.com,user,user123,Delhi
2196,Alexandra Collins,alexandra6390@company.com,user,user123,Mumbai
2197,Sherri Knapp,sherri499@outlook.com,user,user123,Pune
2198,Erin Miller,erin2974@mail.com,user,user123,Bangalore
2199,John Hull,john4562@company.com,user,user123,Hyderabad
2200,Thomas Richardson,thomas1364@outlook.com,user,user123,Delhi
2201,James Hill,james884@test.com,user,user123,Mumbai
2202,John Jimenez,john3321@outlook.com,user,user123,Pune
2203,David Ward,david1433@gmail.com,user,user123,Bangalore
2204,Julie Green,julie469@mail.com,user,user123,Hyderabad
2205,Shawn Aguilar,shawn3522@company.com,user,user123,Delhi
2206,Heather Webb,heather2485@yahoo.com,user,user123,Mumbai
2207,Randy Riley,randy221@gmail.com,user,user123,Pune
2208,Jared Thomas,jared3058@yahoo.com,user,user123,Bangalore
2209,Jonathan Rogers,jonathan9752@company.com,user,user123,Hyderabad
2210,Richard Snyder,richard1415@yahoo.com,user,user123,Delhi
2211,Gloria Jackson,gloria3817@mail.com,user,user123,Mumbai
2213,David King,david1677@outlook.com,user,user123,Bangalore
2214,Joel Pineda,joel861@test.com,user,user123,Hyderabad
2215,MICHAEL JONES,michael9667@outlook.com,user,user123,Delhi
2216,Brooke Rodriguez,brooke3071@gmail.com,user,user123,Mumbai
2217,Kelsey Hunt,kelsey9@outlook.com,user,user123,Pune
2218,Jon Payne,jon4837@company.com,user,user123,Bangalore
2219,Victor Tyler,victor3001@gmail.com,user,user123,Hyderabad
2220,Jacqueline Smith,jacqueline8886@gmail.com,user,user123,Delhi
2221,Daniel Lewis,daniel3968@company.com,user,user123,Mumbai
2222,Christian Evans,christian1308@mail.com,user,user123,Pune
2223,Jason Barker,jason679@outlook.com,user,user123,Bangalore
2224,Gabriela Munoz,gabriela2734@yahoo.com,user,user123,Hyderabad
2225,Kelly Duncan,kelly7522@gmail.com,user,user123,Delhi
2226,Carol Reynolds,carol5476@outlook.com,user,user123,Mumbai
2227,Lisa Morris,lisa7434@gmail.com,user,user123,Pune
2229,Roy Mclaughlin,roy5258@mail.com,user,user123,Hyderabad
2230,Wendy Cain,wendy7347@yahoo.com,user,user123,Delhi
2231,Dr. Jerry Green,dr.8098@yahoo.com,user,user123,Mumbai
2232,Dana Massey,dana2689@yahoo.com,user,user123,Pune
2233,Brooke Hogan,brooke1258@outlook.com,user,user123,Bangalore
2234,Ryan Mcmillan,ryan9748@yahoo.com,user,user123,Hyderabad
2235,Alexander Estrada,alexander5123@outlook.com,user,user123,Delhi
2236,Nicholas Glenn,nicholas8830@test.com,user,user123,Mumbai
2237,Matthew Sanders,matthew3161@yahoo.com,user,user123,Pune
2238,Jimmy Murphy,jimmy287@gmail.com,user,user123,Bangalore
2239,Sherry Barnett,sherry2632 @ outlook.com,user,user123,Hyderabad
2240,andrea cochran,andrea6031@mail.com,user,user123,Delhi
2241,Brian Lee,brian6095@outlook.com,user,user123,Mumbai
2242,MARY BROWN,mary8111@company.com,user,user123,Pune
2243,Rodney Wiley Jr.,rodney1169@yahoo.com,user,user123,Bangalore
2244,Jose Oliver,jose4606@gmail.com,user,user123,Hyderabad
2245,Daniel Bell,daniel3076@yahoo.com,user,user123,Delhi
2246,SCOTT JOHNSON,scott858@mail.com,user,user123,Mumbai
2247,William Fisher,william1729 @ yahoo.com,user,user123,Pune
2248,Dr. Paul Hill Jr.,dr.3883@gmail.com,user,user123,Bangalore
2249,John Pierce,john6172@yahoo.com,user,user123,Hyderabad
2250,Jonathon Jones,jonathon2550@outlook.com,user,user123,Delhi
2251,Rebecca Lawrence,rebecca228@mail.com,user,user123,Mumbai
2252,Christopher Burke,christopher2216@mail.com,user,user123,Pune
2253,Kelly Smith,kelly1278@company.com,user,user123,Bangalore
2254,David Lee,david675@test.com,user,user123,Hyderabad
2255,Anita Joseph,anita102@mail.com,user,user123,Delhi
2256,Jessica Long,jessica9798 @ mail.com,user,user123,Mumbai
2257,Robert Dominguez,robert2604@mail.com,user,user123,Pune
2258,Nicole Vasquez,nicole7342@yahoo.com,user,user123,Bangalore
2259,Paul Stanley,paul5854@test.com,user,user123,Hyderabad
2260,Courtney Arnold,courtney7974@mail.com,user,user123,Delhi
2261,Regina Garcia,regina8406@test.com,user,user123,Mumbai
2262,Jeffrey Carr,jeffrey9324@yahoo.com,user,user123,Pune
2263,Kathleen Jones,kathleen4308@mail.com,user,user123,Bangalore
2264,Laura Anderson,laura8475@test.com,user,user123,Hyderabad
2265,Jennifer Gibson,jennifer4081@company.com,user,user123,Delhi
2266,Victor Wilson,victor4385@company.com,user,user123,Mumbai
2267,Autumn Walker,autumn2406@company.com,user,user123,Pune
2268,Catherine Peck,catherine2948@yahoo.com,user,user123,Bangalore
2270,Kristen Santos,kristen2044@outlook.com,user,user123,Delhi
2271,erin larson,erin7690@company.com,user,user123,Mumbai
2272,Robert Norman,robert4233@outlook.com,user,user123,Pune
2273,Taylor Williams,taylor1135@yahoo.com,user,user123,Bangalore
2274,Leslie Perez,leslie1296@yahoo.com,user,user123,Hyderabad
2276,Lisa Miller,lisa5920@test.com,user,user123,Mumbai
2277,James Henderson,james4205@mail.com,user,user123,Pune
2278,Robin Nelson,robin8194@yahoo.com,user,user123,Bangalore
2279,Jennifer Morgan,jennifer6205@mail.com,user,user123,Hyderabad
2280,Tabitha Burnett,tabitha3061@mail.com,user,user123,Delhi
2281,Victoria Villarreal,victoria7711@outlook.com,user,user123,Mumbai
2282,Bradley Phillips,bradley4926 @ mail.com,user,user123,Pune
2283,Heather Ramirez,heather4873@gmail.com,user,user123,Bangalore
2284,Kimberly Miller,kimberly4150@outlook.com,user,user123,Hyderabad
2285,Angelica Green,angelica4177@company.com,user,user123,Delhi
2286,Adriana Bray,adriana3152@test.com,user,user123,Mumbai
2287,David Moreno,david7178@test.com,user,user123,Pune
2288,Ian Jacobs,ian3077 @ yahoo.com,user,user123,Bangalore
2289,Jennifer Young,jennifer6857@company.com,user,user123,Hyderabad
2290,Christine Duran,christine6354@mail.com,user,user123,Delhi
2291,Lauren Miller,lauren7477@gmail.com,user,user123,Mumbai
2292,Aaron Martin,aaron6076@outlook.com,user,user123,Pune
2293,Kayla Herman,kayla8091@yahoo.com,user,user123,Bangalore
2295,Pamela Mitchell,pamela5784@gmail.com,user,user123,Delhi
2298,Felicia Davis,felicia1200@outlook.com,user,user123,Bangalore
2299,Donald Garcia,donald9691@outlook.com,user,user123,Hyderabad
2300,Thomas Kelly,thomas1723@gmail.com,user,user123,Delhi
2301,Timothy Barnes,timothy3643@gmail.com,user,user123,Mumbai
2302,Derrick Hinton,derrick52@gmail.com,user,user123,Pune
2303,Sarah Eaton,sarah8830@test.com,user,user123,Bangalore
2304,Joseph Rodriguez,joseph8182@mail.com,user,user123,Hyderabad
2305,Danielle Nichols,danielle5843@company.com,user,user123,Delhi
2306,Randy Coleman Jr.,randy8595@mail.com,user,user123,Mumbai
2307,Maria Ross,maria6827@test.com,user,user123,Pune
2308,RICHARD DOUGLAS,richard4097@company.com,user,user123,Bangalore
2309,Andre Fisher,andre8528@test.com,user,user123,Hyderabad
2310,Anthony Perez,anthony7772@yahoo.com,user,user123,Delhi
2311,Heather Shaw,heather702@yahoo.com,user,user123,Mumbai
2312,John Lopez,john858@test.com,user,user123,Pune
2313,Taylor Roth,taylor8644@gmail.com,user,user123,Bangalore
2314,Michael Mcguire,michael5806@gmail.com,user,user123,Hyderabad
2315,James Serrano,james7965 @ mail.com,user,user123,Delhi
2316,Allison Johnston,allison5339@yahoo.com,user,user123,Mumbai
2317,William Wilson,william4137@mail.com,user,user123,Pune
2318,Maria Stevens,maria7985@outlook.com,user,user123,Bangalore
2319,Jennifer Brown,jennifer7682@gmail.com,user,user123,Hyderabad
2320,Rebecca Brown,rebecca3970@yahoo.com,user,user123,Delhi
2321,Robin Conley,robin7158@company.com,user,user123,Mumbai
2322,Kimberly Lee,kimberly5033@mail.com,user,user123,Pune
2323,Erica Jones,erica6254@gmail.com,user,user123,Bangalore
2325,NICOLE ROMERO,nicole6859@gmail.com,user,user123,Delhi
2326,Richard Mcclain,richard6119@outlook.com,user,user123,Mumbai
2327,Robert Kennedy,robert8161@test.com,user,user123,Pune
2328,Jonathan Wright,jonathan1993@yahoo.com,user,user123,Bangalore
2329,Travis Wyatt,travis9536@test.com,user,user123,Hyderabad
2330,Jody Hoffman,jody352@yahoo.com,user,user123,Delhi
2331,Ivan Simmons,ivan3416@yahoo.com,user,user123,Mumbai
2332,James Morgan,james9638@test.com,user,user123,Pune
2333,Erin Lopez,erin3865@company.com,user,user123,Bangalore
2334,chase jenkins,chase7405@yahoo.com,user,user123,Hyderabad
2335,james pierce,james4275@yahoo.com,user,user123,Delhi
2336,Amy Hernandez,amy4754@test.com,user,user123,Mumbai
2337,Carlos Washington,carlos3140@yahoo.com,user,user123,Pune
2338,Blake Dalton,blake1593@test.com,user,user123,Bangalore
2339,Shannon Terrell,shannon7556@yahoo.com,user,user123,Hyderabad
2340,Jennifer Flowers,jennifer2231@outlook.com,user,user123,Delhi
2341,Jason Galvan,jason9810@yahoo.com,user,user123,Mumbai
2342,Yolanda Brown,yolanda6289@company.com,user,user123,Pune
2343,Wendy Mitchell,wendy7714@gmail.com,user,user123,Bangalore
2344,Laurie Elliott,laurie3485@outlook.com,user,user123,Hyderabad
2345,kevin vazquez,kevin3656@yahoo.com,user,user123,Delhi
2346,Victoria Anderson,victoria4834@gmail.com,user,user123,Mumbai
2347,Andrea Summers,andrea858 @ test.com,user,user123,Pune
2348,TAMMY BARNES,tammy7007@gmail.com,user,user123,Bangalore
2349,Brenda Jackson,brenda6465@test.com,user,user123,Hyderabad
2350,Sarah Mercer,sarah6141@mail.com,user,user123,Delhi
2351,Nicholas Howe,nicholas9312@outlook.com,user,user123,Mumbai
2352,Maria Fields,maria6467@mail.com,user,user123,Pune
2353,David Hall,david4932@company.com,user,user123,Bangalore
2354,Gina Fleming,gina3422@outlook.com,user,user123,Hyderabad
2355,April Roberts,april4755@yahoo.com,user,user123,Delhi
2357,LOGAN HOLLOWAY,logan562@outlook.com,user,user123,Pune
2358,Roberto Cooper,roberto9632@test.com,user,user123,Bangalore
2359,Albert White,albert8207@test.com,user,user123,Hyderabad
2360,Lawrence Mccarty,lawrence1074@outlook.com,user,user123,Delhi
2361,Mark Mcdonald,mark4693@outlook.com,user,user123,Mumbai
2362,Zachary Dalton,zachary7671@company.com,user,user123,Pune
2363,Christopher Shaw,christopher1359@outlook.com,user,user123,Bangalore
2364,Natalie Baker,natalie1012@test.com,user,user123,Hyderabad
2365,Dr. Lauren Santiago,dr.3223@mail.com,user,user123,Delhi
2366,Lisa Vang,lisa2454@company.com,user,user123,Mumbai
2367,SHAWN SMITH,shawn104@yahoo.com,user,user123,Pune
2368,Matthew Sharp,matthew8590@test.com,user,user123,Bangalore
2369,Dennis Nguyen,dennis6967@outlook.com,user,user123,Hyderabad
2371,tina obrien,tina8627@gmail.com,user,user123,Mumbai
2372,Lauren Bridges,lauren6086@test.com,user,user123,Pune
2373,Tammy Davila,tammy4935@mail.com,user,user123,Bangalore
2374,Caitlin Glass,caitlin6045@company.com,user,user123,Hyderabad
2376,Wendy Morrow,wendy2322@gmail.com,user,user123,Mumbai
2377,jimmy porter,jimmy8803@test.com,user,user123,Pune
2378,Danielle Porter,danielle8977@outlook.com,user,user123,Bangalore
2379,Jonathan Willis,jonathan6502@test.com,user,user123,Hyderabad
2380,Elizabeth Johnson,elizabeth7103@test.com,user,user123,Delhi
2381,Paul Nelson,paul1814@test.com,user,user123,Mumbai
2382,Brandon Watkins,brandon5860@company.com,user,user123,Pune
2383,BENJAMIN WRIGHT,benjamin8338@outlook.com,user,user123,Bangalore
2384,Andrew Miller,andrew1889@test.com,user,user123,Hyderabad
2385,Kristina Hatfield,kristina672@test.com,user,user123,Delhi
2386,Stephanie Johnson,stephanie5833@mail.com,user,user123,Mumbai
2387,Julia Williams,julia505@yahoo.com,user,user123,Pune
2388,Cheryl Walker,cheryl204@test.com,user,user123,Bangalore
2389,Charles Marshall,charles1109@gmail.com,user,user123,Hyderabad
2390,Timothy Sanders,timothy2832@gmail.com,user,user123,Delhi
2391,Emily Mckinney,emily2284@mail.com,user,user123,Mumbai
2392,Darren Richardson,darren9778@test.com,user,user123,Pune
2393,Lindsey Cook,lindsey7273@yahoo.com,user,user123,Bangalore
2394,Dawn Monroe,dawn7904@test.com,user,user123,Hyderabad
2395,tonya ingram,tonya59@mail.com,user,user123,Delhi
2396,Shawna Potter,shawna7059@company.com,user,user123,Mumbai
2397,Stacie Howell,stacie346@outlook.com,user,user123,Pune
2398,Christopher Bailey,christopher4329@test.com,user,user123,Bangalore
2400,LISA TORRES,lisa8781@gmail.com,user,user123,Delhi
2401,Courtney Kim,courtney8447@mail.com,user,user123,Mumbai
2402,MR. MARIO SHAH,mr.1139@mail.com,user,user123,Pune
2403,lauren hodges,lauren673 @ gmail.com,user,user123,Bangalore
2404,Amanda Maldonado,amanda5881@test.com,user,user123,Hyderabad
2406,BRIAN GOMEZ,brian416@outlook.com,user,user123,Mumbai
2407,Daniel Perez,daniel5773@gmail.com,user,user123,Pune
2408,Kristin Jensen,kristin1165@company.com,user,user123,Bangalore
2409,Connor Bell,connor7661@mail.com,user,user123,Hyderabad
2410,Carolyn Ramirez,carolyn9535@gmail.com,user,user123,Delhi
2411,Brian Knight,brian2402@outlook.com,user,user123,Mumbai
2412,Monica Savage,monica76@gmail.com,user,user123,Pune
2413,Steven Pierce,steven3759@mail.com,user,user123,Bangalore
2414,Maria Spears,maria1157@gmail.com,user,user123,Hyderabad
2415,Jeremy Burgess,jeremy1850@company.com,user,user123,Delhi
2417,Yvonne Jensen,yvonne7824@mail.com,user,user123,Pune
2418,Andrea Yu,andrea7382@mail.com,user,user123,Bangalore
2419,Karen Hall,karen6023@mail.com,user,user123,Hyderabad
2420,Jennifer Phillips,jennifer3091@mail.com,user,user123,Delhi
2421,Stephanie Klein,stephanie7629@company.com,user,user123,Mumbai
2422,John Mcmahon,john8760@company.com,user,user123,Pune
2423,Carlos Valdez,carlos4573@gmail.com,user,user123,Bangalore
2424,Erica Welch,erica701@yahoo.com,user,user123,Hyderabad
2425,Paul Pitts,paul1297@yahoo.com,user,user123,Delhi
2426,Robert Green,robert5617@outlook.com,user,user123,Mumbai
2427,Cindy Heath,cindy4315 @ company.com,user,user123,Pune
2428,Jessica Freeman,jessica5737@outlook.com,user,user123,Bangalore
2429,Andrew Bailey,andrew9013@test.com,user,user123,Hyderabad
2430,Brandon Wu,brandon9600@yahoo.com,user,user123,Delhi
2431,Kevin Santiago,kevin7134@gmail.com,user,user123,Mumbai
2432,Kristen Johnson,kristen6600@company.com,user,user123,Pune
2433,Nicholas Roy,nicholas3203@company.com,user,user123,Bangalore
2434,Courtney Mendoza,courtney1652@outlook.com,user,user123,Hyderabad
2435,Lance Duncan,lance2179@outlook.com,user,user123,Delhi
2436,Robert Brown,robert702@outlook.com,user,user123,Mumbai
2437,Robert Wilkerson,robert8984@gmail.com,user,user123,Pune
2438,Donald Smith,donald6375@mail.com,user,user123,Bangalore
2439,Zachary Jackson,zachary7097@test.com,user,user123,Hyderabad
2440,James Beck,james4621@gmail.com,user,user123,Delhi
2441,Joshua Johnson,joshua8635@mail.com,user,user123,Mumbai
2442,James Case,james9510@company.com,user,user123,Pune
2443,Ashley Tanner,ashley4242@yahoo.com,user,user123,Bangalore
2444,Heather Brown,heather3074@test.com,user,user123,Hyderabad
2445,Caroline Nelson,caroline5340@test.com,user,user123,Delhi
2446,Dillon Ewing,dillon3768@outlook.com,user,user123,Mumbai
2447,Michelle Oconnor,michelle512@yahoo.com,user,user123,Pune
2448,Elizabeth Floyd,elizabeth1702@test.com,user,user123,Bangalore
2449,Valerie Hall,valerie9837@mail.com,user,user123,Hyderabad
2450,Krista Sullivan,krista7362@gmail.com,user,user123,Delhi
2451,Frank Perry,frank223@yahoo.com,user,user123,Mumbai
2452,Ryan Johnson,ryan9540@mail.com,user,user123,Pune
2453,JONATHAN STOKES,jonathan5935@yahoo.com,user,user123,Bangalore
2454,Maria Mcneil,maria6057@outlook.com,user,user123,Hyderabad
2455,Morgan Boyle,morgan328@yahoo.com,user,user123,Delhi
2456,Kevin Williams,kevin3446@outlook.com,user,user123,Mumbai
2458,Seth Duarte,seth8870@yahoo.com,user,user123,Bangalore
2459,Leonard Trevino,leonard9957@test.com,user,user123,Hyderabad
2460,Abigail Brooks,abigail4042@test.com,user,user123,Delhi
2461,Theresa Carter,theresa4828@mail.com,user,user123,Mumbai
2462,Joy Mendoza,joy2173@gmail.com,user,user123,Pune
2463,Robert Carter,robert7829@test.com,user,user123,Bangalore
2464,Anne Wallace,anne6964@yahoo.com,user,user123,Hyderabad
2465,Renee Harmon,renee445@outlook.com,user,user123,Delhi
2466,Daniel Kim,daniel9713@company.com,user,user123,Mumbai
2467,Maria Owen,maria8521@yahoo.com,user,user123,Pune
2468,Michael Stanton,michael3074@outlook.com,user,user123,Bangalore
2470,Patrick Bowen,patrick4530@mail.com,user,user123,Delhi
2471,Sarah Baker,sarah4013 @ gmail.com,user,user123,Mumbai
2472,Chelsey Morse,chelsey1677@mail.com,user,user123,Pune
2473,Patricia Schmidt DDS,patricia6229@company.com,user,user123,Bangalore
2474,Andrew Fisher,andrew7566@mail.com,user,user123,Hyderabad
2475,James Page,james8507@yahoo.com,user,user123,Delhi
2476,Miss Alexandra Horn,miss9985@outlook.com,user,user123,Mumbai
2477,Alyssa Young,alyssa3653@test.com,user,user123,Pune
2480,Heather Henderson,heather5885@test.com,user,user123,Delhi
2481,Samantha Norton,samantha4447@outlook.com,user,user123,Mumbai
2482,Michelle Williams,michelle4255@company.com,user,user123,Pune
2484,Victoria Nash,victoria9295@gmail.com,user,user123,Hyderabad
2485,Carolyn Garcia,carolyn2566@mail.com,user,user123,Delhi
2486,Valerie Allen,valerie6629@outlook.com,user,user123,Mumbai
2487,Christina Wilson,christina6438@yahoo.com,user,user123,Pune
2488,Zachary Mcneil,zachary9738@outlook.com,user,user123,Bangalore
2489,William Conley,william1936@outlook.com,user,user123,Hyderabad
2490,Gabrielle Cervantes,gabrielle7267@outlook.com,user,user123,Delhi
2491,Maria Wood,maria8253@test.com,user,user123,Mumbai
2492,Matthew Rios,matthew2425@outlook.com,user,user123,Pune
2493,Tracy Cohen,tracy1360@outlook.com,user,user123,Bangalore
2494,Jillian Parker,jillian6673@test.com,user,user123,Hyderabad
2495,Jason Bailey,jason6580@test.com,user,user123,Delhi
2498,Kara Foster,kara72@company.com,user,user123,Bangalore
2499,Melissa Ray,melissa5969@yahoo.com,user,user123,Hyderabad
2500,Sheryl Myers,sheryl2640@company.com,user,user123,Delhi
2501,patricia howard,patricia8713@outlook.com,user,user123,Mumbai
2502,Lauren Johnson,lauren5235@mail.com,user,user123,Pune
2503,Stephanie Gibson,stephanie5654@gmail.com,user,user123,Bangalore
2504,JASON LOPEZ,jason169@mail.com,user,user123,Hyderabad
2505,Anna Martinez,anna2394@gmail.com,user,user123,Delhi
2506,Megan Weeks,megan6966@company.com,user,user123,Mumbai
2508,sarah ortega,sarah5504@outlook.com,user,user123,Bangalore
2509,Bryan Lowe,bryan8160@company.com,user,user123,Hyderabad
2510,Lawrence Johnson,lawrence5911@test.com,user,user123,Delhi
2511,Dr. Lucas Rodriguez Jr.,dr.7702@outlook.com,user,user123,Mumbai
2512,Amanda Lowe,amanda8056@yahoo.com,user,user123,Pune
2514,Tina Dougherty,tina7554@yahoo.com,user,user123,Hyderabad
2515,Heather Le,heather9007@outlook.com,user,user123,Delhi
2516,Susan Lane,susan1180@mail.com,user,user123,Mumbai
2517,Jennifer Herrera,jennifer508@yahoo.com,user,user123,Pune
2518,Danielle Carpenter,danielle5046@test.com,user,user123,Bangalore
2519,Timothy Taylor,timothy8205@outlook.com,user,user123,Hyderabad
2520,Shawn Freeman,shawn361@test.com,user,user123,Delhi
2521,Jennifer Hart,jennifer1962@mail.com,user,user123,Mumbai
2522,Karen Miller,karen8968@gmail.com,user,user123,Pune
2523,Aaron Aguilar,aaron5761@company.com,user,user123,Bangalore
2524,Samuel Lynch,samuel6072@mail.com,user,user123,Hyderabad
2525,Mary Kim,mary825@gmail.com,user,user123,Delhi
2526,mrs. rebecca guerra,mrs.1018@company.com,user,user123,Mumbai
2527,Evan West,evan5644@test.com,user,user123,Pune
2528,Jane Hunter DDS,jane8630@gmail.com,user,user123,Bangalore
2529,Lisa Allen,lisa5273@company.com,user,user123,Hyderabad
2530,DAVID GIBSON,david4441 @ mail.com,user,user123,Delhi
2531,Sharon Waters,sharon442@test.com,user,user123,Mumbai
2532,Michael Hoffman,michael8753@outlook.com,user,user123,Pune
2533,Martha Turner,martha4560@outlook.com,user,user123,Bangalore
2534,BRYAN SCOTT,bryan4747@company.com,user,user123,Hyderabad
2535,Amber Forbes,amber644 @ test.com,user,user123,Delhi
2536,Joseph Villanueva,joseph4435@mail.com,user,user123,Mumbai
2537,Julie Allen,julie2660@company.com,user,user123,Pune
2538,Alan Silva,alan4756@company.com,user,user123,Bangalore
2539,Deborah Houston,deborah7418@mail.com,user,user123,Hyderabad
2540,Mark Garrett,mark1536@yahoo.com,user,user123,Delhi
2541,Kristina Johnson,kristina7694@yahoo.com,user,user123,Mumbai
2542,benjamin stewart,benjamin2617@test.com,user,user123,Pune
2543,Jodi Horn,jodi2305 @ company.com,user,user123,Bangalore
2544,Mark Kidd,mark5745@company.com,user,user123,Hyderabad
2546,Joshua Wagner,joshua748@company.com,user,user123,Mumbai
2547,James Miller,james739@outlook.com,user,user123,Pune
2548,Jenna Caldwell,jenna4297@mail.com,user,user123,Bangalore
2549,Joshua Martinez,joshua5464@company.com,user,user123,Hyderabad
2550,Timothy Anderson,timothy6129@outlook.com,user,user123,Delhi
2551,Steven West,steven6941@test.com,user,user123,Mumbai
2552,Aaron Lewis,aaron8822@mail.com,user,user123,Pune
2553,James Brown,james5392@outlook.com,user,user123,Bangalore
2554,James Ellison,james6038@yahoo.com,user,user123,Hyderabad
2555,Gabriel Turner,gabriel2395@test.com,user,user123,Delhi
2556,Monica Baldwin,monica4516@mail.com,user,user123,Mumbai
2557,Justin Mejia,justin3939@mail.com,user,user123,Pune
2558,Hannah Ewing,hannah2620@gmail.com,user,user123,Bangalore
2559,Laura Ibarra,laura9194@yahoo.com,user,user123,Hyderabad
2560,Kayla Thompson,kayla7798@yahoo.com,user,user123,Delhi
2561,Ian Kent,ian5783 @ outlook.com,user,user123,Mumbai
2562,Rick Freeman,rick2046@yahoo.com,user,user123,Pune
2563,Dylan Lopez,dylan2891@mail.com,user,user123,Bangalore
2564,Jonathan Johnson,jonathan7612@mail.com,user,user123,Hyderabad
2565,Alexander Mcdonald,alexander6695@yahoo.com,user,user123,Delhi
2566,JENNIFER GUZMAN,jennifer338@test.com,user,user123,Mumbai
2567,nicole williamson,nicole1980@test.com,user,user123,Pune
2568,Stephen Alvarado,stephen4394@test.com,user,user123,Bangalore
2569,Madeline Combs,madeline736@mail.com,user,user123,Hyderabad
2570,Stephen Porter,stephen904 @ company.com,user,user123,Delhi
2572,brooke moore,brooke4767@mail.com,user,user123,Pune
2573,jean chen,jean4594 @ gmail.com,user,user123,Bangalore
2574,Troy Marshall,troy5724@company.com,user,user123,Hyderabad
2575,Bradley Hartman,bradley1306@yahoo.com,user,user123,Delhi
2576,Denise Turner PhD,denise925@company.com,user,user123,Mumbai
2577,stephen morgan,stephen8747@company.com,user,user123,Pune
2578,Kenneth Pope MD,kenneth5825@yahoo.com,user,user123,Bangalore
2579,Sheryl Cooke,sheryl7188@company.com,user,user123,Hyderabad
2580,Michael Davis,michael1167@mail.com,user,user123,Delhi
2581,Samantha Dawson,samantha3181@mail.com,user,user123,Mumbai
2582,Jeff Coleman,jeff247@gmail.com,user,user123,Pune
2583,Frank Montoya,frank4940@yahoo.com,user,user123,Bangalore
2584,Matthew Underwood,matthew1511@outlook.com,user,user123,Hyderabad
2585,ANDREW MCMILLAN,andrew1457@company.com,user,user123,Delhi
2586,Mrs. Kayla Richardson,mrs.8943@mail.com,user,user123,Mumbai
2587,Madison Lara,madison9032@test.com,user,user123,Pune
2588,Marie Powell,marie1755@gmail.com,user,user123,Bangalore
2590,Jose Hicks,jose6854@company.com,user,user123,Delhi
2591,John Scott,john4654@outlook.com,user,user123,Mumbai
2592,Patricia Hoover,patricia5418@company.com,user,user123,Pune
2593,Cristian Cruz,cristian7163@test.com,user,user123,Bangalore
2594,Lance Cardenas,lance2688 @ mail.com,user,user123,Hyderabad
2595,James Edwards,james2036@outlook.com,user,user123,Delhi
2596,Bridget Adams,bridget631@outlook.com,user,user123,Mumbai
2598,Emily Martin,emily5110@company.com,user,user123,Bangalore
2599,brian jensen,brian8877@gmail.com,user,user123,Hyderabad
2601,David Malone,david3846@mail.com,user,user123,Mumbai
2602,Amy Lee,amy1400@company.com,user,user123,Pune
2603,Christopher Finley,christopher7597@yahoo.com,user,user123,Bangalore
2604,Kimberly Fernandez,kimberly2772@yahoo.com,user,user123,Hyderabad
2605,Paul Carrillo,paul4037@gmail.com,user,user123,Delhi
2606,Michael Smith,michael3822@outlook.com,user,user123,Mumbai
2607,John Williams,john5546@yahoo.com,user,user123,Pune
2608,LEAH ALLEN,leah4195@company.com,user,user123,Bangalore
2609,Phillip Wood,phillip394@mail.com,user,user123,Hyderabad
2610,Julie Velazquez,julie343@gmail.com,user,user123,Delhi
2611,Marissa Robbins,marissa2054@gmail.com,user,user123,Mumbai
2612,Robert Chang,robert1028@mail.com,user,user123,Pune
2613,Douglas Lynch,douglas4431@mail.com,user,user123,Bangalore
2614,Charles Clark,charles4928@outlook.com,user,user123,Hyderabad
2615,Steven Caldwell,steven4333@yahoo.com,user,user123,Delhi
2616,kimberly espinoza,kimberly9459@yahoo.com,user,user123,Mumbai
2617,Erica Robinson,erica8818@company.com,user,user123,Pune
2618,David Martin,david617@yahoo.com,user,user123,Bangalore
2619,John Maxwell,john5960@test.com,user,user123,Hyderabad
2620,Mr. Samuel Lewis MD,mr.5675@company.com,user,user123,Delhi
2621,Matthew Barnes,matthew7943@yahoo.com,user,user123,Mumbai
2622,Ashley Jones,ashley4827@gmail.com,user,user123,Pune
2623,Julie Rodriguez,julie1116@mail.com,user,user123,Bangalore
2624,Russell Hernandez,russell4041@outlook.com,user,user123,Hyderabad
2625,Miguel Clark,miguel2005@gmail.com,user,user123,Delhi
2626,Karen Wagner,karen5660@mail.com,user,user123,Mumbai
2627,Darryl Bonilla,darryl1026@company.com,user,user123,Pune
2628,Marc Livingston Jr.,marc2408@yahoo.com,user,user123,Bangalore
2629,Mallory Martin,mallory4919@mail.com,user,user123,Hyderabad
2630,Alyssa Bates,alyssa1199@mail.com,user,user123,Delhi
2631,Andrew Fisher,andrew7129@outlook.com,user,user123,Mumbai
2633,Brian Hawkins,brian1429@outlook.com,user,user123,Bangalore
2634,Dr. Jennifer Carter MD,dr.6399@yahoo.com,user,user123,Hyderabad
2635,Lisa Adams,lisa1508 @ gmail.com,user,user123,Delhi
2636,Lisa Johnson,lisa7405@company.com,user,user123,Mumbai
2637,Ashley Edwards,ashley7563@outlook.com,user,user123,Pune
2638,Ryan Ingram,ryan8396@gmail.com,user,user123,Bangalore
2639,Lisa Graham,lisa6163@outlook.com,user,user123,Hyderabad
2640,amber montes,amber5450@company.com,user,user123,Delhi
2641,michael ballard,michael6108@company.com,user,user123,Mumbai
2642,DOUGLAS COX,douglas2493@test.com,user,user123,Pune
2643,Thomas Perry,thomas4638@mail.com,user,user123,Bangalore
2644,Connie Watts,connie7353@company.com,user,user123,Hyderabad
2645,Makayla Taylor,makayla4736@mail.com,user,user123,Delhi
2647,Amber Mata,amber9319@test.com,user,user123,Pune
2648,Brittany Carter,brittany5636@company.com,user,user123,Bangalore
2649,Melissa Burke,melissa5913@gmail.com,user,user123,Hyderabad
2650,Jacqueline Espinoza,jacqueline337@company.com,user,user123,Delhi
2652,Charles Hernandez,charles1140 @ yahoo.com,user,user123,Pune
2653,Heidi Robinson,heidi1199@yahoo.com,user,user123,Bangalore
2654,Mary Smith,mary4453@gmail.com,user,user123,Hyderabad
2655,Roy Sanchez,roy5180@test.com,user,user123,Delhi
2656,Regina Hoffman,regina607@test.com,user,user123,Mumbai
2657,Nancy Herrera,nancy3345@company.com,user,user123,Pune
2658,Stephanie Barnett,stephanie8309@company.com,user,user123,Bangalore
2659,Mary Jackson,mary7171@company.com,user,user123,Hyderabad
2660,Gregory Williams,gregory5013@yahoo.com,user,user123,Delhi
2661,Frank Bean,frank3375@mail.com,user,user123,Mumbai
2662,Marc Dickerson,marc2274@mail.com,user,user123,Pune
2663,Robert Nunez,robert8093@gmail.com,user,user123,Bangalore
2664,thomas mora,thomas1546@mail.com,user,user123,Hyderabad
2665,Anthony Morales,anthony8639@company.com,user,user123,Delhi
2666,Justin Harris,justin244@test.com,user,user123,Mumbai
2667,roberta ashley,roberta7371@yahoo.com,user,user123,Pune
2668,Christina Sanchez,christina7657@outlook.com,user,user123,Bangalore
2670,Kelly Phillips,kelly3663@test.com,user,user123,Delhi
2671,Elizabeth Mclaughlin,elizabeth2193@gmail.com,user,user123,Mumbai
2673,Lauren Miller,lauren5870@mail.com,user,user123,Bangalore
2674,Ryan Rios,ryan1078@gmail.com,user,user123,Hyderabad
2675,TANYA ROBERTS,tanya7290@gmail.com,user,user123,Delhi
2676,Debbie Harris,debbie266@company.com,user,user123,Mumbai
2677,Ryan Martinez,ryan8833@gmail.com,user,user123,Pune
2678,Garrett Jones,garrett547 @ company.com,user,user123,Bangalore
2679,Carrie Watson,carrie732@test.com,user,user123,Hyderabad
2680,Robert Palmer,robert4360@outlook.com,user,user123,Delhi
2681,Bridget Woodward,bridget1113@outlook.com,user,user123,Mumbai
2682,Andrew Harris,andrew4637 @ outlook.com,user,user123,Pune
2683,Brian Dalton,brian5270@yahoo.com,user,user123,Bangalore
2684,Hector Hernandez,hector2560@mail.com,user,user123,Hyderabad
2685,Aaron Long,aaron9878@mail.com,user,user123,Delhi
2686,Jason Jennings,jason4197@yahoo.com,user,user123,Mumbai
2687,Michael Carey,michael2033@outlook.com,user,user123,Pune
2688,Alison Steele,alison1711@mail.com,user,user123,Bangalore
2689,Michael Ross,michael9980@test.com,user,user123,Hyderabad
2690,Jennifer Williams,jennifer6460@company.com,user,user123,Delhi
2691,Isabella Ramirez,isabella7305@gmail.com,user,user123,Mumbai
2692,Thomas Jackson,thomas1554 @ company.com,user,user123,Pune
2693,Joseph Bryan,joseph8818@mail.com,user,user123,Bangalore
2694,Jonathan Wolf,jonathan9544@yahoo.com,user,user123,Hyderabad
2695,Patrick Moore,patrick9159@mail.com,user,user123,Delhi
2696,Valerie Levy,valerie9133@test.com,user,user123,Mumbai
2697,Lisa Carter,lisa8031@outlook.com,user,user123,Pune
2698,Samuel Phelps,samuel3550@gmail.com,user,user123,Bangalore
2699,Jason Hunt,jason4990@company.com,user,user123,Hyderabad
2700,Alexis King,alexis7574@test.com,user,user123,Delhi
2701,Eugene Miller,eugene8138@yahoo.com,user,user123,Mumbai
2702,Ashley Salas,ashley3957@gmail.com,user,user123,Pune
2704,James Nichols,james2156@outlook.com,user,user123,Hyderabad
2705,David Case,david3597@test.com,user,user123,Delhi
2706,Michael Owens,michael4898@yahoo.com,user,user123,Mumbai
2707,Christopher Chase,christopher5528@gmail.com,user,user123,Pune
2708,Tonya Valenzuela,tonya226@mail.com,user,user123,Bangalore
2709,GARY LOPEZ,gary7643@mail.com,user,user123,Hyderabad
2710,Amanda Powell,amanda4856@company.com,user,user123,Delhi
2711,Lisa Weber,lisa5357@test.com,user,user123,Mumbai
2712,BRANDON ELLIS,brandon4219@test.com,user,user123,Pune
2713,Brandon Chan,brandon5401@yahoo.com,user,user123,Bangalore
2714,Frederick Fitzgerald,frederick4200@gmail.com,user,user123,Hyderabad
2715,Lisa Martinez,lisa8985@gmail.com,user,user123,Delhi
2716,Rita Campbell,rita9731@company.com,user,user123,Mumbai
2717,Andrew Simmons,andrew673@mail.com,user,user123,Pune
2718,Miss Becky Davis,miss5821@mail.com,user,user123,Bangalore
2719,Elizabeth Wilson,elizabeth9817@outlook.com,user,user123,Hyderabad
2720,Beverly Allen,beverly8158@yahoo.com,user,user123,Delhi
2722,Corey Campbell,corey5818 @ mail.com,user,user123,Pune
2723,Cheryl Burch,cheryl1553@outlook.com,user,user123,Bangalore
2724,Nicholas Marshall,nicholas8944@test.com,user,user123,Hyderabad
2725,Anthony Ramos,anthony9117@mail.com,user,user123,Delhi
2726,BRAD JACOBS,brad5942@mail.com,user,user123,Mumbai
2727,rebecca byrd,rebecca1888@test.com,user,user123,Pune
2728,Brent Tyler,brent1206@company.com,user,user123,Bangalore
2729,Roberta Williams,roberta5240 @ company.com,user,user123,Hyderabad
2730,Rachel Garcia,rachel6945@yahoo.com,user,user123,Delhi
2731,Amy Jones,amy8349@mail.com,user,user123,Mumbai
2733,Susan Irwin,susan6783@mail.com,user,user123,Bangalore
2734,John Ortega,john3254@gmail.com,user,user123,Hyderabad
2735,Jennifer Hampton,jennifer7646@test.com,user,user123,Delhi
2736,MELISSA JONES,melissa52@mail.com,user,user123,Mumbai
2737,Todd Ruiz,todd5615@company.com,user,user123,Pune
2738,Jillian Arroyo,jillian6047@outlook.com,user,user123,Bangalore
2739,Christina Brown,christina5532@company.com,user,user123,Hyderabad
2740,William Soto,william8357@test.com,user,user123,Delhi
2741,AMBER HALL,amber279@company.com,user,user123,Mumbai
2742,Michael Greene,michael5710 @ test.com,user,user123,Pune
2743,marcus frank,marcus9812@gmail.com,user,user123,Bangalore
2744,Justin Dunlap,justin4707@outlook.com,user,user123,Hyderabad
2746,Paul Young,paul6381@outlook.com,user,user123,Mumbai
2747,Heather Jones,heather918@company.com,user,user123,Pune
2748,Teresa Perry,teresa2713@mail.com,user,user123,Bangalore
2749,Alan Cantrell,alan3448@yahoo.com,user,user123,Hyderabad
2750,Lindsay Carlson,lindsay4003@mail.com,user,user123,Delhi
2751,Charles Cook,charles7394@outlook.com,user,user123,Mumbai
2753,Susan Jones,susan5769@company.com,user,user123,Bangalore
2754,Christopher Ryan,christopher9918@test.com,user,user123,Hyderabad
2755,Adam Curtis,adam9237@test.com,user,user123,Delhi
2756,Marie Stokes,marie5646@company.com,user,user123,Mumbai
2757,Kelli Walters,kelli5183@outlook.com,user,user123,Pune
2758,Stephanie Russell,stephanie6706@gmail.com,user,user123,Bangalore
2759,Nathaniel Roberson,nathaniel9309@outlook.com,user,user123,Hyderabad
2760,Marissa Weber,marissa3310@gmail.com,user,user123,Delhi
2761,Keith Armstrong,keith7990@gmail.com,user,user123,Mumbai
2763,jason hunt,jason78@mail.com,user,user123,Bangalore
2764,Sonya Peterson,sonya3184@outlook.com,user,user123,Hyderabad
2765,April Day,april266@mail.com,user,user123,Delhi
2766,Steven Davis,steven6434@mail.com,user,user123,Mumbai
2767,Nicholas Jackson,nicholas2748@yahoo.com,user,user123,Pune
2768,Judy Robinson,judy4087@yahoo.com,user,user123,Bangalore
2769,Paul Warren MD,paul7105@company.com,user,user123,Hyderabad
2770,Mary Lopez,mary5165@test.com,user,user123,Delhi
2771,Meredith Rodriguez,meredith1872@gmail.com,user,user123,Mumbai
2772,Robert Warner,robert1150@test.com,user,user123,Pune
2773,Jocelyn Myers,jocelyn9865@outlook.com,user,user123,Bangalore
2774,Andrew Knight,andrew1787@yahoo.com,user,user123,Hyderabad
2775,David Schwartz,david9416@yahoo.com,user,user123,Delhi
2776,Peter Welch,peter5997@yahoo.com,user,user123,Mumbai
2777,Timothy Shaw,timothy5026@gmail.com,user,user123,Pune
2778,raymond miller,raymond2334@yahoo.com,user,user123,Bangalore
2780,Gerald Barnett,gerald7958@test.com,user,user123,Delhi
2781,David Chavez,david8350@company.com,user,user123,Mumbai
2782,Kevin Pruitt,kevin8688@test.com,user,user123,Pune
2783,MARIA HAYNES,maria8019@gmail.com,user,user123,Bangalore
2784,DAVID OBRIEN,david3153@mail.com,user,user123,Hyderabad
2785,Edward James,edward1314@mail.com,user,user123,Delhi
2786,Amanda Taylor,amanda7156@yahoo.com,user,user123,Mumbai
2787,Mr. Henry Wright,mr.4890@company.com,user,user123,Pune
2788,Monica Welch,monica2058 @ outlook.com,user,user123,Bangalore
2789,Susan Jones,susan6451@company.com,user,user123,Hyderabad
2791,DANIEL MITCHELL,daniel317@yahoo.com,user,user123,Mumbai
2792,Angela Hill,angela6592@yahoo.com,user,user123,Pune
2793,Joseph Lowery,joseph1352@outlook.com,user,user123,Bangalore
2794,Ryan Becker,ryan8125@test.com,user,user123,Hyderabad
2795,Gregory Morgan,gregory3315@outlook.com,user,user123,Delhi
2796,danny cherry,danny2168@test.com,user,user123,Mumbai
2798,Chelsea Tucker,chelsea9657 @ company.com,user,user123,Bangalore
2799,Andrew Green,andrew3041@mail.com,user,user123,Hyderabad
2801,Noah Galloway,noah8238@yahoo.com,user,user123,Mumbai
2802,Michael Marquez,michael2930@test.com,user,user123,Pune
2803,Jessica Thomas,jessica3959@test.com,user,user123,Bangalore
2804,Benjamin Williams,benjamin297@company.com,user,user123,Hyderabad
2805,Brandon Serrano,brandon6986@mail.com,user,user123,Delhi
2806,Stanley King,stanley1925@yahoo.com,user,user123,Mumbai
2807,Christine Jackson,christine2927@mail.com,user,user123,Pune
2808,Michael Charles,michael6595@test.com,user,user123,Bangalore
2809,Gail Gonzalez,gail5643@mail.com,user,user123,Hyderabad
2810,Heather Harrell,heather4758@test.com,user,user123,Delhi
2811,Krista Gonzalez,krista7609@gmail.com,user,user123,Mumbai
2812,Shawn Weaver,shawn1401@company.com,user,user123,Pune
2814,Anthony Brown,anthony7291@mail.com,user,user123,Hyderabad
2815,Emma Austin,emma2442@gmail.com,user,user123,Delhi
2816,Justin Nelson,justin5758@mail.com,user,user123,Mumbai
2817,Dr. Robert Sandoval MD,dr.8314@mail.com,user,user123,Pune
2818,Jennifer Diaz,jennifer7669@mail.com,user,user123,Bangalore
2819,Derek Taylor,derek5386 @ outlook.com,user,user123,Hyderabad
2820,Robert Jones,robert877@mail.com,user,user123,Delhi
2821,Thomas Smith,thomas9244@yahoo.com,user,user123,Mumbai
2822,Brenda Good,brenda3144@gmail.com,user,user123,Pune
2823,Mitchell Cameron,mitchell8906@mail.com,user,user123,Bangalore
2824,Patrick Powell,patrick98@test.com,user,user123,Hyderabad
2825,Mr. Christian West MD,mr.5009@yahoo.com,user,user123,Delhi
2826,John Alvarado,john8053@mail.com,user,user123,Mumbai
2827,John Perez,john4660@mail.com,user,user123,Pune
2828,Jennifer Martin,jennifer2397@yahoo.com,user,user123,Bangalore
2829,Richard Rosario,richard3742@mail.com,user,user123,Hyderabad
2830,Gabriella Evans,gabriella2928@mail.com,user,user123,Delhi
2831,Christine Garcia,christine8635@gmail.com,user,user123,Mumbai
2832,Michael Martinez,michael750@outlook.com,user,user123,Pune
2833,Valerie Shannon,valerie4390@company.com,user,user123,Bangalore
2834,KELLY MANN,kelly6472@yahoo.com,user,user123,Hyderabad
2835,Anthony Stanley,anthony6844@gmail.com,user,user123,Delhi
2836,Alicia Larsen,alicia5941@outlook.com,user,user123,Mumbai
2837,tamara washington,tamara5513@yahoo.com,user,user123,Pune
2838,Thomas Jenkins,thomas5173@mail.com,user,user123,Bangalore
2839,Michelle Lynn,michelle5207@gmail.com,user,user123,Hyderabad
2840,Susan Gillespie,susan7955@company.com,user,user123,Delhi
2841,Andrew Carpenter,andrew1486@outlook.com,user,user123,Mumbai
2842,Danielle Harvey,danielle6042@company.com,user,user123,Pune
2843,Shawn Estes,shawn7975@company.com,user,user123,Bangalore
2844,Teresa Rodriguez,teresa4482@mail.com,user,user123,Hyderabad
2845,Aaron Glover,aaron8425@yahoo.com,user,user123,Delhi
2846,amber wong,amber4425@mail.com,user,user123,Mumbai
2847,Barry Mann,barry8851@yahoo.com,user,user123,Pune
2848,JEREMY HARDY,jeremy6194@mail.com,user,user123,Bangalore
2849,Russell Elliott,russell6400 @ yahoo.com,user,user123,Hyderabad
2850,Michael Smith,michael7974@mail.com,user,user123,Delhi
2852,Zachary Henson,zachary5658@gmail.com,user,user123,Pune
2854,dustin beck,dustin8503@gmail.com,user,user123,Hyderabad
2855,Richard Franklin,richard5970@mail.com,user,user123,Delhi
2856,Luke Beasley,luke2293@company.com,user,user123,Mumbai
2857,Tom Bryan,tom7592@test.com,user,user123,Pune
2858,Nancy Diaz,nancy4405@outlook.com,user,user123,Bangalore
2859,Alexa Gonzalez,alexa8673@mail.com,user,user123,Hyderabad
2860,Timothy Crawford,timothy6987@gmail.com,user,user123,Delhi
2861,Ernest Snyder,ernest6652@outlook.com,user,user123,Mumbai
2862,Bruce Duke,bruce8236@outlook.com,user,user123,Pune
2863,Nicole Estrada,nicole1592@gmail.com,user,user123,Bangalore
2864,Michael Thomas,michael7822@mail.com,user,user123,Hyderabad
2865,Sarah Estrada,sarah4027@yahoo.com,user,user123,Delhi
2866,Susan Allen,susan5963@test.com,user,user123,Mumbai
2867,Douglas Francis,douglas711@yahoo.com,user,user123,Pune
2868,Natalie Brown,natalie1194@outlook.com,user,user123,Bangalore
2869,Madeline Anthony,madeline6660@test.com,user,user123,Hyderabad
2870,Nicholas Romero,nicholas9405@mail.com,user,user123,Delhi
2871,Karla Wilson,karla5671@mail.com,user,user123,Mumbai
2872,Samantha Black,samantha2558@yahoo.com,user,user123,Pune
2873,Dakota Gregory,dakota7019@outlook.com,user,user123,Bangalore
2874,WILLIAM BROWN,william1810@test.com,user,user123,Hyderabad
2875,BRIAN MCCULLOUGH,brian967@gmail.com,user,user123,Delhi
2876,michael jones,michael1872@company.com,user,user123,Mumbai
2877,Darlene Moss,darlene7380@mail.com,user,user123,Pune
2878,Robert Mcbride,robert9075@company.com,user,user123,Bangalore
2879,Timothy Jones,timothy8817@outlook.com,user,user123,Hyderabad
2880,Amanda Colon,amanda7665@outlook.com,user,user123,Delhi
2881,Keith Brown,keith2353@test.com,user,user123,Mumbai
2882,Hannah Castro,hannah9091@yahoo.com,user,user123,Pune
2883,TRACY SPEARS,tracy9981@test.com,user,user123,Bangalore
2884,John Dennis,john3035@gmail.com,user,user123,Hyderabad
2886,Laura Boyer,laura9829@gmail.com,user,user123,Mumbai
2887,Ashley Gonzalez,ashley5302@test.com,user,user123,Pune
2888,Mary Carlson,mary6255@test.com,user,user123,Bangalore
2889,Catherine Davis,catherine2154@gmail.com,user,user123,Hyderabad
2890,Jessica Young,jessica8259@gmail.com,user,user123,Delhi
2891,Chad Williams,chad9977@gmail.com,user,user123,Mumbai
2892,KYLE DAVIS,kyle7745@company.com,user,user123,Pune
2893,Derrick Price,derrick5847@company.com,user,user123,Bangalore
2894,Casey Gallegos,casey8619@test.com,user,user123,Hyderabad
2895,Alexis Tucker,alexis5087@outlook.com,user,user123,Delhi
2897,Robert Camacho,robert9091@test.com,user,user123,Pune
2898,Diane Stafford,diane2511@company.com,user,user123,Bangalore
2899,Linda Cooper,linda3492@outlook.com,user,user123,Hyderabad
2901,Andrea Trujillo,andrea2704@outlook.com,user,user123,Mumbai
2902,Sarah Smith,sarah3595@test.com,user,user123,Pune
2903,Rachel Watson,rachel9764@yahoo.com,user,user123,Bangalore
2904,Dale Francis,dale1407@yahoo.com,user,user123,Hyderabad
2905,Samuel Hall,samuel1700@mail.com,user,user123,Delhi
2906,Michael Bullock,michael7243@yahoo.com,user,user123,Mumbai
2907,Steve Guerrero,steve6678@gmail.com,user,user123,Pune
2908,sara hernandez,sara5101@company.com,user,user123,Bangalore
2909,Ronald Jones,ronald5018@gmail.com,user,user123,Hyderabad
2910,John Stein,john9341@gmail.com,user,user123,Delhi
2911,David Lane,david2847@gmail.com,user,user123,Mumbai
2912,Alfred Graves,alfred512@gmail.com,user,user123,Pune
2913,Kevin Evans,kevin3518@company.com,user,user123,Bangalore
2914,Kaylee Lopez,kaylee4375@test.com,user,user123,Hyderabad
2915,Cody Cole,cody9577@mail.com,user,user123,Delhi
2916,Todd Maldonado,todd9796 @ test.com,user,user123,Mumbai
2917,Nathaniel Hansen,nathaniel7330@test.com,user,user123,Pune
2918,Richard Callahan,richard5922@outlook.com,user,user123,Bangalore
2919,Patrick Young,patrick8042@company.com,user,user123,Hyderabad
2920,Robin Martinez,robin4887@company.com,user,user123,Delhi
2922,Robert Morgan,robert4665@company.com,user,user123,Pune
2925,Keith Myers,keith2643@mail.com,user,user123,Delhi
2926,Angela Brown,angela8683@company.com,user,user123,Mumbai
2928,Joy Gonzalez,joy2068@company.com,user,user123,Bangalore
2929,Courtney Walker,courtney2214@test.com,user,user123,Hyderabad
2930,Jason Callahan,jason4321@gmail.com,user,user123,Delhi
2931,Mr. David Nelson,mr.4709@mail.com,user,user123,Mumbai
2932,Robert Strong,robert7495@outlook.com,user,user123,Pune
2933,Richard Chen,richard5335@test.com,user,user123,Bangalore
2934,Rodney Kelley,rodney9373@yahoo.com,user,user123,Hyderabad
2935,Laura Mills,laura4370@yahoo.com,user,user123,Delhi
2936,Karen Bautista,karen5873@test.com,user,user123,Mumbai
2937,Samantha Weber,samantha7911@company.com,user,user123,Pune
2938,Sean Williams,sean3784@test.com,user,user123,Bangalore
2939,Christina Lee,christina5128@company.com,user,user123,Hyderabad
2941,JOSEPH DAVIS,joseph1802@test.com,user,user123,Mumbai
2942,Terri Glass,terri2695@company.com,user,user123,Pune
2943,Casey Rubio,casey2339@gmail.com,user,user123,Bangalore
2944,Alexandria Franco,alexandria129@test.com,user,user123,Hyderabad
2945,Kelly Wilson,kelly6822@test.com,user,user123,Delhi
2946,Troy Fernandez,troy9639@test.com,user,user123,Mumbai
2947,Victoria Armstrong,victoria8203@company.com,user,user123,Pune
2949,Olivia Salazar,olivia3252@test.com,user,user123,Hyderabad
2950,Robert Gordon,robert1286@yahoo.com,user,user123,Delhi
2951,Wyatt Cooper,wyatt3892@outlook.com,user,user123,Mumbai
2952,Douglas Ramirez,douglas2529@yahoo.com,user,user123,Pune
2953,Katherine Meyers,katherine157@yahoo.com,user,user123,Bangalore
2954,James Berger,james2888@test.com,user,user123,Hyderabad
2955,Tracy Sanders,tracy2734@gmail.com,user,user123,Delhi
2956,Debra Shaw,debra4553@outlook.com,user,user123,Mumbai
2957,Dr. Patricia Castaneda,dr.9393 @ yahoo.com,user,user123,Pune
2958,heidi sanchez,heidi8386@test.com,user,user123,Bangalore
2959,Sherry Nelson,sherry2223@mail.com,user,user123,Hyderabad
2960,Timothy Hogan,timothy5684@test.com,user,user123,Delhi
2961,Ronnie Harper,ronnie3307@yahoo.com,user,user123,Mumbai
2962,Laura Jones,laura8640@test.com,user,user123,Pune
2963,April Nelson,april3607 @ mail.com,user,user123,Bangalore
2964,DREW HERNANDEZ,drew8716@mail.com,user,user123,Hyderabad
2965,Evan Crane,evan5539@outlook.com,user,user123,Delhi
2966,Judy Pennington,judy2523@company.com,user,user123,Mumbai
2967,judith marshall,judith9112@outlook.com,user,user123,Pune
2968,Joshua Howard,joshua4320@company.com,user,user123,Bangalore
2969,Amber Flores,amber5450@gmail.com,user,user123,Hyderabad
2970,Mr. Edward Padilla,mr.5438@yahoo.com,user,user123,Delhi
2971,Jason Bradley,jason9334@test.com,user,user123,Mumbai
2972,Matthew Webb,matthew7087@outlook.com,user,user123,Pune
2973,Mr. Andrew Pearson,mr.3613@gmail.com,user,user123,Bangalore
2974,Dawn Kelley,dawn7531@mail.com,user,user123,Hyderabad
2975,Kelsey Peck,kelsey6426@outlook.com,user,user123,Delhi
2976,Raymond Meyer,raymond5703@mail.com,user,user123,Mumbai
2977,Andrew Harris,andrew4068@company.com,user,user123,Pune
2978,sharon ingram,sharon6757@mail.com,user,user123,Bangalore
2979,Kaitlin Davis,kaitlin4052@yahoo.com,user,user123,Hyderabad
2980,Kimberly Simpson,kimberly2879@company.com,user,user123,Delhi
2981,Paul Reeves,paul9234@gmail.com,user,user123,Mumbai
2982,NICHOLAS TAYLOR,nicholas5246@mail.com,user,user123,Pune
2983,Nicole Fitzgerald,nicole2740@outlook.com,user,user123,Bangalore
2984,Theresa Collins,theresa4572@test.com,user,user123,Hyderabad
2986,Andrew Gutierrez,andrew2310@company.com,user,user123,Mumbai
2987,Evan Weeks,evan1853@outlook.com,user,user123,Pune
2988,Dr. Ian Ramsey,dr.6257@gmail.com,user,user123,Bangalore
2989,Brittany Owens,brittany3019@company.com,user,user123,Hyderabad
2990,Brian Hines,brian4914@yahoo.com,user,user123,Delhi
2991,Allison Edwards,allison8671@outlook.com,user,user123,Mumbai
2992,michael mccann,michael3395@mail.com,user,user123,Pune
2993,Luis Martin,luis669@yahoo.com,user,user123,Bangalore
2994,Joshua Macdonald,joshua8652@yahoo.com,user,user123,Hyderabad
2995,Dr. Mark Davis Jr.,dr.2058@outlook.com,user,user123,Delhi
2996,Olivia Hernandez,olivia3360 @ gmail.com,user,user123,Mumbai
2997,Courtney Becker,courtney3699@gmail.com,user,user123,Pune
2998,Daniel Graves,daniel1200@mail.com,user,user123,Bangalore
2999,Brian Mclaughlin,brian4697@yahoo.com,user,user123,Hyderabad
3001,Corey Walker,corey5026@outlook.com,user,user123,Mumbai
3002,Tammy Nichols,tammy9396@gmail.com,user,user123,Pune
3003,Candice Kirby,candice9575@test.com,user,user123,Bangalore
3004,NANCY RIOS,nancy6859@test.com,user,user123,Hyderabad
3005,Katherine Webb,katherine1074@outlook.com,user,user123,Delhi
3006,John Holt,john487@gmail.com,user,user123,Mumbai
3007,Jacqueline Green,jacqueline2131@mail.com,user,user123,Pune
3008,Carrie Wilson,carrie6171@company.com,user,user123,Bangalore
3009,Eugene Saunders,eugene562@outlook.com,user,user123,Hyderabad
3010,Dr. Kayla Krause,dr.724@test.com,user,user123,Delhi
3011,Jamie Gross,jamie2798@test.com,user,user123,Mumbai
3012,Matthew George,matthew7350@company.com,user,user123,Pune
3013,Anna Contreras,anna6374@test.com,user,user123,Bangalore
3014,Donald Nicholson,donald6680@yahoo.com,user,user123,Hyderabad
3015,Andre Pierce,andre6954@mail.com,user,user123,Delhi
3016,Debra Hicks,debra9694@gmail.com,user,user123,Mumbai
3017,CHRISTINE JONES,christine1597@yahoo.com,user,user123,Pune
3018,Timothy Bryant,timothy609@mail.com,user,user123,Bangalore
3019,Marc Thomas,marc2538@test.com,user,user123,Hyderabad
3020,dawn torres,dawn9635@outlook.com,user,user123,Delhi
3021,Kelsey Morales,kelsey759@company.com,user,user123,Mumbai
3022,Ryan Ellis,ryan4681@yahoo.com,user,user123,Pune
3023,Karen Davis,karen8804@company.com,user,user123,Bangalore
3024,Jon Medina,jon8152@mail.com,user,user123,Hyderabad
3025,Leon Wood,leon5138@gmail.com,user,user123,Delhi
3026,Samuel Carroll,samuel518@company.com,user,user123,Mumbai
3030,Luis Mendez,luis4796@yahoo.com,user,user123,Delhi
3031,Robert Miller,robert5231@yahoo.com,user,user123,Mumbai
3032,Jonathan Moses,jonathan6671@yahoo.com,user,user123,Pune
3033,Eric Scott,eric5995@gmail.com,user,user123,Bangalore
3034,Thomas Noble,thomas5369@company.com,user,user123,Hyderabad
3036,Dalton Chavez,dalton5833@yahoo.com,user,user123,Mumbai
3037,mark alexander,mark9599 @ yahoo.com,user,user123,Pune
3038,Kenneth Simpson,kenneth2787@mail.com,user,user123,Bangalore
3039,Jennifer Terry,jennifer7901@company.com,user,user123,Hyderabad
3040,Lori Taylor,lori2878 @ yahoo.com,user,user123,Delhi
3041,Abigail Burns,abigail485 @ test.com,user,user123,Mumbai
3042,Troy Moses,troy2309@company.com,user,user123,Pune
3043,Travis Hughes,travis4009@test.com,user,user123,Bangalore
3044,Kurt Glover,kurt859@outlook.com,user,user123,Hyderabad
3045,Elizabeth Boyer,elizabeth4344@mail.com,user,user123,Delhi
3046,elizabeth carney,elizabeth6803 @ gmail.com,user,user123,Mumbai
3047,Monica Bradshaw,monica256@gmail.com,user,user123,Pune
3048,Tammy Gilbert,tammy3275@mail.com,user,user123,Bangalore
3049,Alexis Stewart,alexis2275@test.com,user,user123,Hyderabad
3050,Susan Green,susan9871@yahoo.com,user,user123,Delhi
3051,Manuel Terry,manuel9482@gmail.com,user,user123,Mumbai
3052,Julie Santos,julie2044@test.com,user,user123,Pune
3053,DANIEL JOHNSON,daniel727@test.com,user,user123,Bangalore
3054,JOANNE PENA,joanne3145@mail.com,user,user123,Hyderabad
3055,Kristy Duncan,kristy3057@yahoo.com,user,user123,Delhi
3056,John Jones,john9338@outlook.com,user,user123,Mumbai
3057,Eric Williams,eric8176@gmail.com,user,user123,Pune
3058,Sharon Farmer,sharon4434@test.com,user,user123,Bangalore
3059,William Bishop,william9667@yahoo.com,user,user123,Hyderabad
3061,Donna Vasquez,donna9410@yahoo.com,user,user123,Mumbai
3062,BRIDGET GOMEZ,bridget8192@company.com,user,user123,Pune
3063,George Brennan,george8629 @ gmail.com,user,user123,Bangalore
3064,David Levy,david483@mail.com,user,user123,Hyderabad
3065,Kara Lara,kara5686@gmail.com,user,user123,Delhi
3066,Kelly Quinn,kelly5337@company.com,user,user123,Mumbai
3067,Matthew Murray,matthew5085@outlook.com,user,user123,Pune
3068,Samantha Martin,samantha7936@company.com,user,user123,Bangalore
3069,Gregory Parker,gregory262@gmail.com,user,user123,Hyderabad
3070,Brent Patton,brent1982@company.com,user,user123,Delhi
3071,Timothy Kirk,timothy1266@outlook.com,user,user123,Mumbai
3073,Chad Parks,chad4064@test.com,user,user123,Bangalore
3074,Vincent Bonilla,vincent485@mail.com,user,user123,Hyderabad
3075,Jimmy Roberts,jimmy9649@gmail.com,user,user123,Delhi
3076,Justin Brown,justin6186@outlook.com,user,user123,Mumbai
3077,Chris Blake,chris3646@mail.com,user,user123,Pune
3078,Antonio Navarro,antonio5682@outlook.com,user,user123,Bangalore
3079,Danielle Berger,danielle3843@outlook.com,user,user123,Hyderabad
3080,Roger Dunn,roger6907@test.com,user,user123,Delhi
3081,Cameron Wagner,cameron67@yahoo.com,user,user123,Mumbai
3082,Terry Flowers,terry6052@outlook.com,user,user123,Pune
3083,Rachel Davies,rachel3417@yahoo.com,user,user123,Bangalore
3084,Daniel Lloyd,daniel6100@yahoo.com,user,user123,Hyderabad
3085,Rose Smith,rose7638@gmail.com,user,user123,Delhi
3086,Mrs. Sara Sutton MD,mrs.4664 @ test.com,user,user123,Mumbai
3087,Andre Smith,andre9122@company.com,user,user123,Pune
3088,Darrell Mcdowell,darrell5016 @ yahoo.com,user,user123,Bangalore
3089,Cheryl Barry,cheryl3996@yahoo.com,user,user123,Hyderabad
3090,Elizabeth Warren,elizabeth6076@mail.com,user,user123,Delhi
3091,Amanda Smith,amanda8233@mail.com,user,user123,Mumbai
3092,courtney davis,courtney2705@mail.com,user,user123,Pune
3093,Kristi Mcclain,kristi4869@gmail.com,user,user123,Bangalore
3094,Amy Castillo,amy7247@test.com,user,user123,Hyderabad
3095,Krystal Cox,krystal4320@yahoo.com,user,user123,Delhi
3096,Kevin Guzman,kevin9051@company.com,user,user123,Mumbai
3097,Melissa Bullock,melissa7408@test.com,user,user123,Pune
3098,Kathy Johns,kathy7571@gmail.com,user,user123,Bangalore
3100,Lisa Ward,lisa8678@company.com,user,user123,Delhi
3101,Jennifer Scott,jennifer2635@yahoo.com,user,user123,Mumbai
3102,Michael Black,michael5961@company.com,user,user123,Pune
3103,Garrett Pearson,garrett9980@outlook.com,user,user123,Bangalore
3104,Shannon Robertson,shannon8398@gmail.com,user,user123,Hyderabad
3105,james wilson,james9365@mail.com,user,user123,Delhi
3106,Kaitlin Pollard,kaitlin5052@test.com,user,user123,Mumbai
3107,David Moore,david4415@outlook.com,user,user123,Pune
3108,Tracy Chandler,tracy9227@outlook.com,user,user123,Bangalore
3109,Nathan Graves,nathan6805@mail.com,user,user123,Hyderabad
3110,Taylor Acevedo,taylor4559@company.com,user,user123,Delhi
3111,Valerie Lloyd,valerie4929@company.com,user,user123,Mumbai
3112,Leonard French,leonard161@outlook.com,user,user123,Pune
3113,Matthew Gray,matthew5352@test.com,user,user123,Bangalore
3115,steven hayden,steven9099@mail.com,user,user123,Delhi
3116,Catherine Hicks,catherine8699@test.com,user,user123,Mumbai
3117,Jasmin Edwards,jasmin1823@company.com,user,user123,Pune
3118,Dennis Hatfield,dennis7593@yahoo.com,user,user123,Bangalore
3119,Dana Jackson,dana5855@mail.com,user,user123,Hyderabad
3120,Jacob Jones,jacob5415@company.com,user,user123,Delhi
3121,Jermaine Rodriguez,jermaine5956@gmail.com,user,user123,Mumbai
3122,Stephen Cole,stephen6242@test.com,user,user123,Pune
3123,Omar Krueger,omar3973 @ test.com,user,user123,Bangalore
3124,Mark Roberts,mark7295@test.com,user,user123,Hyderabad
3125,Alyssa Collier,alyssa9542@test.com,user,user123,Delhi
3126,Kimberly Burgess DDS,kimberly7873@outlook.com,user,user123,Mumbai
3127,Michael Brown,michael5260@gmail.com,user,user123,Pune
3128,David Fox,david6286@yahoo.com,user,user123,Bangalore
3129,Christopher Lewis,christopher763@outlook.com,user,user123,Hyderabad
3130,Brianna Woodward,brianna7425@outlook.com,user,user123,Delhi
3131,ALEXANDER PERRY,alexander4566@company.com,user,user123,Mumbai
3132,KENDRA MURPHY,kendra7842@yahoo.com,user,user123,Pune
3133,Cynthia Reyes,cynthia7693 @ mail.com,user,user123,Bangalore
3134,Christina Mason DDS,christina5133@company.com,user,user123,Hyderabad
3135,Mr. Joshua Diaz,mr.652@company.com,user,user123,Delhi
3136,Ashley Pacheco,ashley6002@yahoo.com,user,user123,Mumbai
3137,Dylan Bennett,dylan9209@outlook.com,user,user123,Pune
3138,LAURIE JOHNSON,laurie2386@company.com,user,user123,Bangalore
3139,Kimberly Howell,kimberly6619@mail.com,user,user123,Hyderabad
3140,James White,james2416@company.com,user,user123,Delhi
3141,Jeffrey Moss,jeffrey572@test.com,user,user123,Mumbai
3142,Sandra Hodges,sandra4274@outlook.com,user,user123,Pune
3143,Andrea Bowers,andrea2425@mail.com,user,user123,Bangalore
3144,Gabriel Griffith,gabriel4093@gmail.com,user,user123,Hyderabad
3145,Bradley Cruz,bradley2780@gmail.com,user,user123,Delhi
3146,Michael Allen,michael384@mail.com,user,user123,Mumbai
3147,Ashley Young,ashley4456@outlook.com,user,user123,Pune
3148,Nicholas Thomas,nicholas8880 @ outlook.com,user,user123,Bangalore
3149,Jeffrey Mack,jeffrey3235@gmail.com,user,user123,Hyderabad
3150,ronald lawson,ronald2655@mail.com,user,user123,Delhi
3152,Allison Boyer,allison2186@test.com,user,user123,Pune
3153,Jonathan Vasquez,jonathan3034@test.com,user,user123,Bangalore
3154,Barbara Wallace,barbara7810@mail.com,user,user123,Hyderabad
3155,Roger Sanchez,roger4138 @ test.com,user,user123,Delhi
3156,Nicole Barnes,nicole3624@test.com,user,user123,Mumbai
3157,Edward Rodriguez,edward8243@test.com,user,user123,Pune
3158,stephanie valentine,stephanie8109@company.com,user,user123,Bangalore
3159,Breanna Davis,breanna2938@company.com,user,user123,Hyderabad
3160,Roger Walsh,roger2827@gmail.com,user,user123,Delhi
3161,Jessica Maxwell,jessica7466@test.com,user,user123,Mumbai
3162,Charles Burns,charles1093 @ gmail.com,user,user123,Pune
3163,Dr. Scott Anderson,dr.5521@test.com,user,user123,Bangalore
3164,JASON MILLER,jason7813@mail.com,user,user123,Hyderabad
3165,Dave Meyer,dave8818@test.com,user,user123,Delhi
3166,Nicholas Meyers,nicholas3900@company.com,user,user123,Mumbai
3167,Jason Ramirez,jason3542@outlook.com,user,user123,Pune
3168,Austin Castro,austin6561@yahoo.com,user,user123,Bangalore
3169,Mckenzie Smith,mckenzie660@outlook.com,user,user123,Hyderabad
3170,Anthony Torres,anthony66@gmail.com,user,user123,Delhi
3171,Kevin Barnes,kevin5480@company.com,user,user123,Mumbai
3172,Jessica Allen,jessica9389@outlook.com,user,user123,Pune
3173,Russell Walls,russell4784@mail.com,user,user123,Bangalore
3174,christina rogers,christina5992@company.com,user,user123,Hyderabad
3175,Kelly Wong,kelly5058@test.com,user,user123,Delhi
3176,Jonathan Taylor,jonathan4582@test.com,user,user123,Mumbai
3177,Susan Montgomery,susan6088@mail.com,user,user123,Pune
3178,Carol Rowland,carol4021 @ test.com,user,user123,Bangalore
3179,Rachel Martin,rachel5725@mail.com,user,user123,Hyderabad
3180,Dwayne Burns,dwayne4938@gmail.com,user,user123,Delhi
3181,KEVIN BAILEY,kevin8123@test.com,user,user123,Mumbai
3182,Sydney Jones,sydney9548@outlook.com,user,user123,Pune
3183,Kyle Smith,kyle4082@mail.com,user,user123,Bangalore
3184,Anna Smith,anna7223@company.com,user,user123,Hyderabad
3185,Rachel Heath,rachel3034@gmail.com,user,user123,Delhi
3186,Joshua Schmidt,joshua6610@company.com,user,user123,Mumbai
3187,Kevin Morales,kevin6669 @ yahoo.com,user,user123,Pune
3188,Elizabeth Swanson,elizabeth6434 @ company.com,user,user123,Bangalore
3189,Leslie Hart,leslie3475@test.com,user,user123,Hyderabad
3190,Amanda Phillips,amanda1905@company.com,user,user123,Delhi
3191,Spencer Johnson,spencer8905@company.com,user,user123,Mumbai
3192,shawn gonzales,shawn9410@test.com,user,user123,Pune
3193,Amber Ball,amber1243@outlook.com,user,user123,Bangalore
3194,James Crawford,james1340@outlook.com,user,user123,Hyderabad
3195,John Green,john3105@outlook.com,user,user123,Delhi
3196,Erin Meyers,erin5126 @ mail.com,user,user123,Mumbai
3197,Jennifer King,jennifer2483@gmail.com,user,user123,Pune
3198,Christine Robinson,christine8866@yahoo.com,user,user123,Bangalore
3199,Zoe Rodriguez,zoe7545@gmail.com,user,user123,Hyderabad
3200,Lisa Bray,lisa8344@gmail.com,user,user123,Delhi
3201,Alan Dunn,alan7252@yahoo.com,user,user123,Mumbai
3202,JENNIFER RAY,jennifer7437@company.com,user,user123,Pune
3203,Samantha Hunt,samantha2678@outlook.com,user,user123,Bangalore
3204,Andrea Clay DVM,andrea5556@outlook.com,user,user123,Hyderabad
3205,Angela Smith,angela3527@outlook.com,user,user123,Delhi
3206,Adam Smith,adam8777@yahoo.com,user,user123,Mumbai
3207,Jason Simon,jason5576@outlook.com,user,user123,Pune
3208,laura dalton,laura9869@yahoo.com,user,user123,Bangalore
3210,Kayla Yoder,kayla1063@yahoo.com,user,user123,Delhi
3211,JAMIE GARCIA,jamie4032@gmail.com,user,user123,Mumbai
3212,Anthony Rodriguez,anthony343@company.com,user,user123,Pune
3213,Carrie Shelton,carrie8149@mail.com,user,user123,Bangalore
3214,Michael Henderson,michael4176@yahoo.com,user,user123,Hyderabad
3215,Mrs. Haley Mitchell MD,mrs.6647@yahoo.com,user,user123,Delhi
3216,Joseph Morris,joseph2281@outlook.com,user,user123,Mumbai
3217,Sheila Graham,sheila3987@outlook.com,user,user123,Pune
3218,SETH FARMER,seth7270 @ test.com,user,user123,Bangalore
3219,Joanne Medina,joanne4094@gmail.com,user,user123,Hyderabad
3220,Tracie Lawson,tracie554@gmail.com,user,user123,Delhi
3221,Tammy Wright,tammy3852@company.com,user,user123,Mumbai
3223,Pamela Chung,pamela218@outlook.com,user,user123,Bangalore
3224,Ashley Booker,ashley815@test.com,user,user123,Hyderabad
3225,Mary Houston,mary3481@mail.com,user,user123,Delhi
3226,Robert Reyes,robert320@mail.com,user,user123,Mumbai
3228,STEPHANIE TODD,stephanie1108@gmail.com,user,user123,Bangalore
3229,Travis Clark,travis4022@yahoo.com,user,user123,Hyderabad
3230,Gwendolyn Torres,gwendolyn9234@outlook.com,user,user123,Delhi
3231,Rachel Cruz,rachel2101@mail.com,user,user123,Mumbai
3232,George Suarez,george7936@test.com,user,user123,Pune
3233,Mary Moore,mary5416@outlook.com,user,user123,Bangalore
3234,Brian Hernandez,brian1528@yahoo.com,user,user123,Hyderabad
3235,Carol Rogers,carol3398@yahoo.com,user,user123,Delhi
3236,Jesse Harding,jesse254 @ company.com,user,user123,Mumbai
3237,TIMOTHY WEAVER,timothy7644@gmail.com,user,user123,Pune
3238,Christine Galvan,christine3652@company.com,user,user123,Bangalore
3239,John Mccann,john4742@yahoo.com,user,user123,Hyderabad
3240,Jaime Duncan,jaime5234@outlook.com,user,user123,Delhi
3242,Justin Roberts,justin2005@mail.com,user,user123,Pune
3243,Katherine Marshall,katherine3322@company.com,user,user123,Bangalore
3244,Daniel Wilson,daniel8510@gmail.com,user,user123,Hyderabad
3245,Carolyn Mercer,carolyn2028@outlook.com,user,user123,Delhi
3246,RONALD ALEXANDER,ronald6806@yahoo.com,user,user123,Mumbai
3247,Susan Stewart,susan1063@outlook.com,user,user123,Pune
3248,Danny Crawford,danny2186@mail.com,user,user123,Bangalore
3250,Raymond Chavez,raymond4747@company.com,user,user123,Delhi
3251,Beth Reed,beth4673@gmail.com,user,user123,Mumbai
3252,John Garza,john3426@test.com,user,user123,Pune
3253,Bridget Clark,bridget6851@mail.com,user,user123,Bangalore
3254,Edward Nunez,edward3836@mail.com,user,user123,Hyderabad
3255,BRANDON NELSON,brandon6521@mail.com,user,user123,Delhi
3256,Debbie Waller,debbie3772@outlook.com,user,user123,Mumbai
3257,Amanda Greene,amanda4145 @ company.com,user,user123,Pune
3258,Tammy Woods,tammy26@outlook.com,user,user123,Bangalore
3259,Deborah Lee,deborah2184@test.com,user,user123,Hyderabad
3260,Mary Anderson,mary6874@test.com,user,user123,Delhi
3261,Kristy Camacho,kristy2811@yahoo.com,user,user123,Mumbai
3262,Brittany Martinez,brittany7078@company.com,user,user123,Pune
3264,Robert Wallace,robert6765@test.com,user,user123,Hyderabad
3265,Jonathan Santos,jonathan7105@yahoo.com,user,user123,Delhi
3267,Brittany Garcia,brittany1323 @ company.com,user,user123,Pune
3268,William Reyes,william1380@outlook.com,user,user123,Bangalore
3269,Cody Wilkerson,cody3048@mail.com,user,user123,Hyderabad
3270,Lucas Roy,lucas8858@test.com,user,user123,Delhi
3271,Jasmine Hunt,jasmine6484@yahoo.com,user,user123,Mumbai
3272,Kevin Sanders,kevin2313@yahoo.com,user,user123,Pune
3273,Jacob Parks,jacob4365@gmail.com,user,user123,Bangalore
3274,Jason Cole,jason2645@gmail.com,user,user123,Hyderabad
3275,Sue Miranda,sue427@company.com,user,user123,Delhi
3276,Calvin Mason,calvin6345@company.com,user,user123,Mumbai
3277,Joel Khan,joel7866@company.com,user,user123,Pune
3278,Christine Serrano,christine1690@company.com,user,user123,Bangalore
3279,Jerry Perez,jerry7179@gmail.com,user,user123,Hyderabad
3280,Robert Moore,robert6696@outlook.com,user,user123,Delhi
3281,Marcus Harvey,marcus2708@company.com,user,user123,Mumbai
3282,Lance Atkinson,lance235@outlook.com,user,user123,Pune
3283,Earl Harris,earl2428@yahoo.com,user,user123,Bangalore
3284,Amber Burnett,amber5166@mail.com,user,user123,Hyderabad
3285,Edward Elliott,edward1959@gmail.com,user,user123,Delhi
3286,Erika Woods,erika190@test.com,user,user123,Mumbai
3287,Lindsay Butler,lindsay689@company.com,user,user123,Pune
3288,Margaret Cox,margaret3520@test.com,user,user123,Bangalore
3289,john smith,john9880@yahoo.com,user,user123,Hyderabad
3290,Mark Perry,mark5621 @ mail.com,user,user123,Delhi
3291,Nicole White,nicole3709@mail.com,user,user123,Mumbai
3292,Melinda Morton,melinda9479@yahoo.com,user,user123,Pune
3293,Lisa Lambert,lisa1822@gmail.com,user,user123,Bangalore
3294,Wendy Smith,wendy7688@mail.com,user,user123,Hyderabad
3295,Noah Carter Jr.,noah149@mail.com,user,user123,Delhi
3296,Mr. Philip Beltran,mr.470@yahoo.com,user,user123,Mumbai
3297,Amy Hernandez,amy1837@outlook.com,user,user123,Pune
3298,Steven Molina,steven472@outlook.com,user,user123,Bangalore
3299,Wanda Walsh,wanda2120@outlook.com,user,user123,Hyderabad
3300,samantha hill,samantha4784@yahoo.com,user,user123,Delhi
3301,Matthew Walker,matthew9897@outlook.com,user,user123,Mumbai
3302,Julie Wong,julie4401@mail.com,user,user123,Pune
3303,Nicole Macias,nicole273@yahoo.com,user,user123,Bangalore
3304,Kevin Downs,kevin7777@mail.com,user,user123,Hyderabad
3305,Ronald Lynn,ronald583@yahoo.com,user,user123,Delhi
3306,Nathan Parker,nathan2574@test.com,user,user123,Mumbai
3307,Michael Eaton,michael8950@company.com,user,user123,Pune
3308,Jeffery French,jeffery3062@outlook.com,user,user123,Bangalore
3309,Dana Rogers,dana5210@outlook.com,user,user123,Hyderabad
3310,Marcus Beck,marcus2365@yahoo.com,user,user123,Delhi
3311,Omar Kemp,omar448@mail.com,user,user123,Mumbai
3312,Derek Smith,derek1687@mail.com,user,user123,Pune
3313,Kent Preston,kent3304@yahoo.com,user,user123,Bangalore
3314,Robert Hammond,robert6242@company.com,user,user123,Hyderabad
3315,John Graham,john8186@outlook.com,user,user123,Delhi
3316,Donna Henderson,donna765@mail.com,user,user123,Mumbai
3317,Shaun Scott,shaun9698@gmail.com,user,user123,Pune
3318,Ashley Sims,ashley8900@gmail.com,user,user123,Bangalore
3319,Ariel Downs,ariel4615@yahoo.com,user,user123,Hyderabad
3320,Nathan Walker,nathan9079@yahoo.com,user,user123,Delhi
3321,Kenneth Hernandez,kenneth2405@gmail.com,user,user123,Mumbai
3322,Mitchell Turner,mitchell2718@test.com,user,user123,Pune
3323,Laurie Brown,laurie3811@company.com,user,user123,Bangalore
3324,Monica Zimmerman,monica7381@company.com,user,user123,Hyderabad
3325,Brian Duke,brian1964@test.com,user,user123,Delhi
3326,Diana Ellison,diana8886@test.com,user,user123,Mumbai
3327,Danielle Garcia,danielle1243@yahoo.com,user,user123,Pune
3328,Alex Sutton,alex9168@yahoo.com,user,user123,Bangalore
3329,Tiffany Brown,tiffany6513@outlook.com,user,user123,Hyderabad
3330,Scott Walters,scott1536@yahoo.com,user,user123,Delhi
3331,martha howard,martha6390@test.com,user,user123,Mumbai
3332,Pamela Smith,pamela8637@mail.com,user,user123,Pune
3333,Christopher Davis,christopher8617@yahoo.com,user,user123,Bangalore
3334,Christopher Hoffman,christopher5941@gmail.com,user,user123,Hyderabad
3335,Corey Gutierrez,corey5132 @ gmail.com,user,user123,Delhi
3336,Tiffany Byrd,tiffany1279@gmail.com,user,user123,Mumbai
3337,Dana Miller,dana4485@gmail.com,user,user123,Pune
3338,Wesley Murray,wesley5900@yahoo.com,user,user123,Bangalore
3339,John Gomez,john5281@outlook.com,user,user123,Hyderabad
3341,Amanda Thomas,amanda3202@outlook.com,user,user123,Mumbai
3342,Maria Powers,maria7840@gmail.com,user,user123,Pune
3343,Sarah Richards,sarah7884@mail.com,user,user123,Bangalore
3344,Derek Hull,derek9566@gmail.com,user,user123,Hyderabad
3345,Christopher Odonnell,christopher5556@test.com,user,user123,Delhi
3346,Amanda Brown,amanda9691@company.com,user,user123,Mumbai
3347,Javier Rush,javier1208@test.com,user,user123,Pune
3348,Mr. Carlos Taylor,mr.6558@gmail.com,user,user123,Bangalore
3349,Gregory Fisher,gregory8547@gmail.com,user,user123,Hyderabad
3350,Timothy Fletcher,timothy1833@yahoo.com,user,user123,Delhi
3351,Robert Hickman,robert9015@company.com,user,user123,Mumbai
3352,Richard Galloway,richard5560@outlook.com,user,user123,Pune
3353,Scott Hernandez,scott785@gmail.com,user,user123,Bangalore
3354,Mrs. Judith Jones,mrs.6440@yahoo.com,user,user123,Hyderabad
3355,Anthony Miles,anthony693@test.com,user,user123,Delhi
3356,Kristy Guerrero,kristy3007@company.com,user,user123,Mumbai
3357,angela myers dds,angela8240@company.com,user,user123,Pune
3360,William Johnson,william3789@gmail.com,user,user123,Delhi
3361,anthony franklin,anthony6037@outlook.com,user,user123,Mumbai
3363,MATTHEW BURGESS,matthew2054@outlook.com,user,user123,Bangalore
3364,Cody Watson,cody6757@mail.com,user,user123,Hyderabad
3365,Christina Johnson,christina1780@mail.com,user,user123,Delhi
3366,Brandon Clark,brandon9724@outlook.com,user,user123,Mumbai
3367,Jessica Phillips,jessica2887@gmail.com,user,user123,Pune
3368,Ashley Allen,ashley8479@mail.com,user,user123,Bangalore
3369,Charles Alexander,charles3122@mail.com,user,user123,Hyderabad
3370,Caitlin Thompson,caitlin926@yahoo.com,user,user123,Delhi
3371,Mary Davis,mary5640@company.com,user,user123,Mumbai
3372,Lori King,lori8624@test.com,user,user123,Pune
3373,Emily Simmons,emily6077@mail.com,user,user123,Bangalore
3374,Stacy Mcdonald,stacy8051@mail.com,user,user123,Hyderabad
3375,Kimberly Huang,kimberly3112@company.com,user,user123,Delhi
3376,Timothy Rice DDS,timothy8342 @ test.com,user,user123,Mumbai
3377,Mary Taylor,mary4872@outlook.com,user,user123,Pune
3378,Kimberly Fernandez,kimberly1458@yahoo.com,user,user123,Bangalore
3379,Peggy Watts,peggy5181 @ yahoo.com,user,user123,Hyderabad
3380,Thomas Gamble,thomas5656@yahoo.com,user,user123,Delhi
3382,Ryan Lester,ryan7368@yahoo.com,user,user123,Pune
3383,Cody Sanchez,cody7774@yahoo.com,user,user123,Bangalore
3384,Nicole Beasley,nicole6663@yahoo.com,user,user123,Hyderabad
3385,Michelle Adams,michelle765@yahoo.com,user,user123,Delhi
3386,EDGAR SCOTT,edgar5976@yahoo.com,user,user123,Mumbai
3387,Heather Padilla,heather877@company.com,user,user123,Pune
3388,Edward Scott,edward5767@test.com,user,user123,Bangalore
3389,JUSTIN MARTINEZ,justin3904@outlook.com,user,user123,Hyderabad
3392,Stephanie Salas,stephanie8737@test.com,user,user123,Pune
3394,Nicole Russo,nicole4544@company.com,user,user123,Hyderabad
3395,Charles Woods,charles8080@mail.com,user,user123,Delhi
3396,Steven Butler,steven9591@company.com,user,user123,Mumbai
3397,Anthony Mckay,anthony5017@company.com,user,user123,Pune
3398,James Schultz,james9131@mail.com,user,user123,Bangalore
3399,Taylor Gutierrez,taylor4163@mail.com,user,user123,Hyderabad
3400,Phillip Barrett,phillip2381@mail.com,user,user123,Delhi
3401,Nicholas Caldwell,nicholas498@yahoo.com,user,user123,Mumbai
3402,Cynthia Clark,cynthia2230@yahoo.com,user,user123,Pune
3403,Katherine Brown,katherine1298@mail.com,user,user123,Bangalore
3404,Melissa Garcia,melissa2579@gmail.com,user,user123,Hyderabad
3405,Derrick Ford,derrick8501@gmail.com,user,user123,Delhi
3406,Natalie Wu DVM,natalie6188@mail.com,user,user123,Mumbai
3407,Jim Miller,jim1283@yahoo.com,user,user123,Pune
3408,Christine Carter,christine2219@yahoo.com,user,user123,Bangalore
3409,Debra Williams,debra7663@company.com,user,user123,Hyderabad
3410,Miguel Moran,miguel9310@yahoo.com,user,user123,Delhi
3411,Michael Taylor,michael8179@gmail.com,user,user123,Mumbai
3412,Kimberly Contreras,kimberly2718 @ gmail.com,user,user123,Pune
3413,erika lee,erika5508@mail.com,user,user123,Bangalore
3414,William Walton,william6387@gmail.com,user,user123,Hyderabad
3415,Thomas Snyder,thomas7394 @ gmail.com,user,user123,Delhi
3416,John Holmes,john1025 @ gmail.com,user,user123,Mumbai
3417,CHRISTINA ALLEN,christina5920@gmail.com,user,user123,Pune
3418,Susan Johnson,susan3400@gmail.com,user,user123,Bangalore
3419,Tyrone Keller,tyrone9543@test.com,user,user123,Hyderabad
3420,Rhonda Watts,rhonda9042@yahoo.com,user,user123,Delhi
3422,Christopher Miller,christopher8407@test.com,user,user123,Pune
3423,Stephanie Rodriguez,stephanie3345@company.com,user,user123,Bangalore
3424,Paul Roman,paul7296@outlook.com,user,user123,Hyderabad
3425,Karen Taylor,karen7365@gmail.com,user,user123,Delhi
3426,MICHAEL RUSH,michael2492@company.com,user,user123,Mumbai
3427,Samantha Munoz,samantha7106@company.com,user,user123,Pune
3428,Susan Bowman,susan3941@mail.com,user,user123,Bangalore
3429,Amanda Rivera,amanda3264@gmail.com,user,user123,Hyderabad
3430,Cheryl Williams,cheryl4609@yahoo.com,user,user123,Delhi
3431,Charles Escobar,charles2292 @ test.com,user,user123,Mumbai
3432,Thomas Harvey,thomas1966@outlook.com,user,user123,Pune
3433,Nathaniel Smith,nathaniel3864@gmail.com,user,user123,Bangalore
3434,Sergio Reyes,sergio5916@company.com,user,user123,Hyderabad
3435,amanda smith,amanda152@company.com,user,user123,Delhi
3436,Amanda Grimes,amanda9140@gmail.com,user,user123,Mumbai
3437,James Jones,james537@yahoo.com,user,user123,Pune
3438,Vincent Rasmussen,vincent1692@company.com,user,user123,Bangalore
3439,Christina Davidson,christina4563@mail.com,user,user123,Hyderabad
3440,tim mcfarland,tim5789 @ gmail.com,user,user123,Delhi
3441,Molly Shannon,molly5292@mail.com,user,user123,Mumbai
3442,Anthony Bennett,anthony5328 @ outlook.com,user,user123,Pune
3443,Andrea Palmer,andrea2034@company.com,user,user123,Bangalore
3444,mary taylor,mary346@company.com,user,user123,Hyderabad
3445,Gary Snow,gary6061@company.com,user,user123,Delhi
3446,Katherine Beck,katherine7651@test.com,user,user123,Mumbai
3447,Peter Harper,peter6960@yahoo.com,user,user123,Pune
3448,Jason Flores,jason8906 @ test.com,user,user123,Bangalore
3449,ELIZABETH MELTON,elizabeth263@yahoo.com,user,user123,Hyderabad
3451,Veronica Mcdonald,veronica1489@outlook.com,user,user123,Mumbai
3452,Jorge Ortiz,jorge5406@yahoo.com,user,user123,Pune
3453,Jeffrey Gonzales,jeffrey3606@mail.com,user,user123,Bangalore
3454,don diaz,don8543@gmail.com,user,user123,Hyderabad
3455,Tiffany Lopez,tiffany8840@test.com,user,user123,Delhi
3456,Sandra Mejia,sandra1015@company.com,user,user123,Mumbai
3457,BRANDON RUIZ,brandon9208@outlook.com,user,user123,Pune
3458,Eugene Diaz,eugene3800@yahoo.com,user,user123,Bangalore
3459,Jessica Lewis,jessica5735@yahoo.com,user,user123,Hyderabad
3460,Matthew Kennedy,matthew7815@gmail.com,user,user123,Delhi
3461,Tamara Neal,tamara8766 @ outlook.com,user,user123,Mumbai
3462,Jessica Hernandez,jessica4662@gmail.com,user,user123,Pune
3463,Brianna Smith,brianna9185@yahoo.com,user,user123,Bangalore
3464,Eugene Smith,eugene9063@yahoo.com,user,user123,Hyderabad
3465,Kimberly Rose,kimberly1514@mail.com,user,user123,Delhi
3466,Roger Gonzalez,roger4245@outlook.com,user,user123,Mumbai
3467,Sean Kelley,sean924@gmail.com,user,user123,Pune
3468,Pamela Weber,pamela7395@yahoo.com,user,user123,Bangalore
3469,Erin Barrera,erin6145@outlook.com,user,user123,Hyderabad
3470,James Richards,james7424@yahoo.com,user,user123,Delhi
3471,Michelle Scott,michelle451@yahoo.com,user,user123,Mumbai
3472,Joseph Finley,joseph7537@mail.com,user,user123,Pune
3475,Maria Edwards,maria9922@test.com,user,user123,Delhi
3476,Michael Hendricks,michael3044@test.com,user,user123,Mumbai
3477,kyle kim,kyle2383@gmail.com,user,user123,Pune
3478,Bridget Snyder,bridget901@test.com,user,user123,Bangalore
3479,Jonathan Livingston,jonathan4410@yahoo.com,user,user123,Hyderabad
3480,Dylan Martinez DVM,dylan5645@mail.com,user,user123,Delhi
3481,Alexis Ewing,alexis1399@test.com,user,user123,Mumbai
3482,Jordan Hernandez,jordan1528@company.com,user,user123,Pune
3483,Arthur Dean,arthur4261@company.com,user,user123,Bangalore
3484,Raymond Mccall,raymond9721@outlook.com,user,user123,Hyderabad
3485,Amy Harris,amy4530@yahoo.com,user,user123,Delhi
3486,Logan Garcia,logan7585@test.com,user,user123,Mumbai
3487,Sandra Nelson,sandra9336@company.com,user,user123,Pune
3489,Valerie Brown,valerie8744@company.com,user,user123,Hyderabad
3490,Geoffrey Hampton,geoffrey7769@test.com,user,user123,Delhi
3491,Mark Carroll,mark4573@outlook.com,user,user123,Mumbai
3492,Rachel Ho,rachel8354@mail.com,user,user123,Pune
3493,Lisa Anderson,lisa756 @ company.com,user,user123,Bangalore
3494,Elizabeth Cook,elizabeth6124@mail.com,user,user123,Hyderabad
3495,BRITTANY HOLMES,brittany7143@test.com,user,user123,Delhi
3496,James Armstrong,james6221@mail.com,user,user123,Mumbai
3497,Tina Case,tina3172@gmail.com,user,user123,Pune
3498,Angela Lawson,angela5090@mail.com,user,user123,Bangalore
3499,Nicole Perez,nicole6708@yahoo.com,user,user123,Hyderabad
3500,Mark Ballard,mark5900@gmail.com,user,user123,Delhi
3501,BRITTANY CHAN,brittany1153@yahoo.com,user,user123,Mumbai
3502,Megan Scott,megan6094@outlook.com,user,user123,Pune
3503,Emily Mclaughlin,emily2171@company.com,user,user123,Bangalore
3504,Emily Howard,emily8945@yahoo.com,user,user123,Hyderabad
3506,Jordan Cannon,jordan5075@company.com,user,user123,Mumbai
3507,Cheryl Jones,cheryl3241 @ gmail.com,user,user123,Pune
3508,Mark Chavez,mark2787 @ mail.com,user,user123,Bangalore
3509,Keith Miller,keith2678@mail.com,user,user123,Hyderabad
3510,BRENDA FIELDS,brenda6035@outlook.com,user,user123,Delhi
3511,Ronnie Rivera,ronnie313@yahoo.com,user,user123,Mumbai
3512,Elizabeth Phillips,elizabeth4444@gmail.com,user,user123,Pune
3514,Jason Collins,jason2175@mail.com,user,user123,Hyderabad
3515,Jennifer Lambert,jennifer7937@gmail.com,user,user123,Delhi
3516,Carrie Rivera,carrie9602@yahoo.com,user,user123,Mumbai
3517,Pamela Smith,pamela304@outlook.com,user,user123,Pune
3518,Raymond Taylor,raymond6194@gmail.com,user,user123,Bangalore
3519,John Gardner,john949@mail.com,user,user123,Hyderabad
3520,Susan Brown,susan6435@test.com,user,user123,Delhi
3522,Joshua King,joshua9818@mail.com,user,user123,Pune
3523,Benjamin Cochran,benjamin5087@test.com,user,user123,Bangalore
3525,Gerald Blanchard,gerald7599@company.com,user,user123,Delhi
3526,Thomas Howard,thomas5835@outlook.com,user,user123,Mumbai
3527,Shannon Gomez,shannon7658@test.com,user,user123,Pune
3528,Joshua Duran,joshua7546@gmail.com,user,user123,Bangalore
3529,Donald Macias,donald3870@mail.com,user,user123,Hyderabad
3530,Carla Bernard,carla3265@mail.com,user,user123,Delhi
3531,JENNIFER HUERTA,jennifer2302 @ outlook.com,user,user123,Mumbai
3532,Nathan Gordon,nathan5670@mail.com,user,user123,Pune
3533,Christopher Walker,christopher6813@company.com,user,user123,Bangalore
3534,William White,william7733@mail.com,user,user123,Hyderabad
3535,Linda Johnson,linda4065@yahoo.com,user,user123,Delhi
3536,victoria pena,victoria7677@test.com,user,user123,Mumbai
3537,Melissa Harris,melissa245@test.com,user,user123,Pune
3538,Curtis Welch,curtis314@yahoo.com,user,user123,Bangalore
3539,Kimberly Gonzalez,kimberly3899@yahoo.com,user,user123,Hyderabad
3540,Tracy Anderson,tracy3872@gmail.com,user,user123,Delhi
3541,Ashley Fields,ashley5321@yahoo.com,user,user123,Mumbai
3542,Brad Smith,brad4829@mail.com,user,user123,Pune
3543,Sharon Rogers,sharon2685@company.com,user,user123,Bangalore
3544,Gary Freeman,gary570@test.com,user,user123,Hyderabad
3545,Charles Fitzgerald,charles8544@outlook.com,user,user123,Delhi
3546,Kristen Peterson,kristen2046@mail.com,user,user123,Mumbai
3547,ARTHUR BLEVINS,arthur7928@company.com,user,user123,Pune
3548,Logan Hall,logan3@outlook.com,user,user123,Bangalore
3549,Bobby Smith,bobby5912@company.com,user,user123,Hyderabad
3550,Michael Solomon,michael2845@outlook.com,user,user123,Delhi
3551,DIANA KANE,diana6540@yahoo.com,user,user123,Mumbai
3554,Amanda Michael,amanda3815@yahoo.com,user,user123,Hyderabad
3555,Sarah Chen,sarah6076@gmail.com,user,user123,Delhi
3556,Jeffrey Brewer,jeffrey9620@mail.com,user,user123,Mumbai
3557,john navarro,john3487@outlook.com,user,user123,Pune
3558,john woods,john6040@company.com,user,user123,Bangalore
3559,Christopher Ramirez,christopher2666@company.com,user,user123,Hyderabad
3560,Kelly Townsend,kelly8249@yahoo.com,user,user123,Delhi
3561,Mrs. Sophia Moore MD,mrs.1114@outlook.com,user,user123,Mumbai
3562,Brandon Fowler,brandon9303@yahoo.com,user,user123,Pune
3563,Brittany Mejia,brittany1576@test.com,user,user123,Bangalore
3564,Angela Price,angela1214@test.com,user,user123,Hyderabad
3565,April Christensen,april2954@yahoo.com,user,user123,Delhi
3566,Joel Cameron,joel6977@yahoo.com,user,user123,Mumbai
3567,Matthew White,matthew9429@outlook.com,user,user123,Pune
3568,Eric Williams,eric5500@company.com,user,user123,Bangalore
3569,Logan Woods,logan3198 @ gmail.com,user,user123,Hyderabad
3570,Jody Bray,jody8573@yahoo.com,user,user123,Delhi
3571,Megan Orr,megan4456@mail.com,user,user123,Mumbai
3572,Paul Williams,paul618@outlook.com,user,user123,Pune
3573,JEFFERY NGUYEN,jeffery6440@gmail.com,user,user123,Bangalore
3575,JOSEPH YATES,joseph5686@mail.com,user,user123,Delhi
3576,Lisa Dickerson,lisa5862@gmail.com,user,user123,Mumbai
3577,Barbara Kline,barbara2370@mail.com,user,user123,Pune
3578,Grace Oneal,grace4664@mail.com,user,user123,Bangalore
3579,Andrea Perez,andrea1973@gmail.com,user,user123,Hyderabad
3580,Krista Wilson,krista941@mail.com,user,user123,Delhi
3581,Monique Owens,monique9358@outlook.com,user,user123,Mumbai
3582,Justin Higgins,justin1058@outlook.com,user,user123,Pune
3584,Kayla Jackson,kayla1978@company.com,user,user123,Hyderabad
3585,Christopher Mendoza,christopher210@test.com,user,user123,Delhi
3586,Mitchell Arias,mitchell3591@outlook.com,user,user123,Mumbai
3587,Kevin Tucker,kevin5510@company.com,user,user123,Pune
3588,Emily Moore,emily1342@mail.com,user,user123,Bangalore
3589,William Lopez,william1808@yahoo.com,user,user123,Hyderabad
3590,Alan Combs,alan5123@test.com,user,user123,Delhi
3591,CRAIG SANDERS,craig805@outlook.com,user,user123,Mumbai
3592,Michelle Pruitt,michelle2066@gmail.com,user,user123,Pune
3593,Gregory Herrera,gregory1127@outlook.com,user,user123,Bangalore
3594,Kelly Smith,kelly4743@test.com,user,user123,Hyderabad
3595,Jerry Wilson,jerry8569@gmail.com,user,user123,Delhi
3598,Victoria Lambert,victoria273@gmail.com,user,user123,Bangalore
3599,Christopher Cole,christopher6635@mail.com,user,user123,Hyderabad
3600,melissa cross,melissa5346@outlook.com,user,user123,Delhi
3601,Erin Campbell,erin1887@mail.com,user,user123,Mumbai
3602,David Webster,david8324@test.com,user,user123,Pune
3603,Eduardo Kemp,eduardo198@company.com,user,user123,Bangalore
3604,ANDRE JONES,andre314@company.com,user,user123,Hyderabad
3605,Wanda Johnson,wanda6542@mail.com,user,user123,Delhi
3606,Jennifer Yu,jennifer2507@gmail.com,user,user123,Mumbai
3607,Keith Guzman,keith3221@mail.com,user,user123,Pune
3608,Stephen Evans,stephen2954@mail.com,user,user123,Bangalore
3609,Tasha Shannon,tasha2286@test.com,user,user123,Hyderabad
3610,Javier Williams,javier6826@yahoo.com,user,user123,Delhi
3611,Jodi Greene,jodi2650@company.com,user,user123,Mumbai
3612,David Adams,david5351@mail.com,user,user123,Pune
3613,Zachary Brooks,zachary2006@outlook.com,user,user123,Bangalore
3614,Ariel Jones,ariel4008@gmail.com,user,user123,Hyderabad
3615,John Mccarthy,john2793@yahoo.com,user,user123,Delhi
3616,Brandon Crawford,brandon5173@mail.com,user,user123,Mumbai
3617,April Huynh,april4835@gmail.com,user,user123,Pune
3618,John Lee,john2918@yahoo.com,user,user123,Bangalore
3619,John Lynch,john7578@outlook.com,user,user123,Hyderabad
3620,Dr. Susan Zimmerman,dr.9071@outlook.com,user,user123,Delhi
3621,Autumn Simmons,autumn6907@test.com,user,user123,Mumbai
3622,Olivia Myers,olivia5025@yahoo.com,user,user123,Pune
3623,Alex Hebert,alex3672@company.com,user,user123,Bangalore
3624,danielle diaz,danielle334@outlook.com,user,user123,Hyderabad
3625,Jill Garcia,jill4334@company.com,user,user123,Delhi
3626,Misty Wells,misty1333@gmail.com,user,user123,Mumbai
3627,Mr. James Calhoun Jr.,mr.4477@outlook.com,user,user123,Pune
3628,Brittany Sosa,brittany9978@gmail.com,user,user123,Bangalore
3629,BRENDA WATSON,brenda9738@company.com,user,user123,Hyderabad
3630,Edwin Newton MD,edwin8528@company.com,user,user123,Delhi
3631,Jason King,jason9580@outlook.com,user,user123,Mumbai
3632,Rebecca Taylor,rebecca9097@mail.com,user,user123,Pune
3633,Jamie Mcclain,jamie8418@gmail.com,user,user123,Bangalore
3634,Jose Davis,jose1254@test.com,user,user123,Hyderabad
3635,Bryan Carey,bryan6859@yahoo.com,user,user123,Delhi
3636,Jennifer Holt,jennifer5941@outlook.com,user,user123,Mumbai
3637,Mary Moore MD,mary649@company.com,user,user123,Pune
3638,Kelly Maldonado,kelly8290@yahoo.com,user,user123,Bangalore
3639,Janet Hernandez,janet5158@gmail.com,user,user123,Hyderabad
3640,SUSAN DUDLEY,susan2802@company.com,user,user123,Delhi
3643,Larry Lester,larry2570@gmail.com,user,user123,Bangalore
3644,Mr. Jacob Moore III,mr.5131@test.com,user,user123,Hyderabad
3645,Katie Adams,katie9109@test.com,user,user123,Delhi
3646,daniel hawkins,daniel7353 @ company.com,user,user123,Mumbai
3647,Carrie Garrett,carrie8800@yahoo.com,user,user123,Pune
3648,robert morris,robert3945@mail.com,user,user123,Bangalore
3649,charles graves,charles710@yahoo.com,user,user123,Hyderabad
3650,Patrick Allen,patrick3996@mail.com,user,user123,Delhi
3651,JEREMY KELLEY,jeremy8924@company.com,user,user123,Mumbai
3652,Tonya Clay,tonya6786@gmail.com,user,user123,Pune
3653,Julie Mccarthy,julie9717 @ gmail.com,user,user123,Bangalore
3654,Janice Lee,janice4444@gmail.com,user,user123,Hyderabad
3655,Jacob Hall,jacob882@test.com,user,user123,Delhi
3656,Lisa Jenkins,lisa173@gmail.com,user,user123,Mumbai
3657,Vincent Bailey,vincent8663@test.com,user,user123,Pune
3658,Dr. Deborah Beard,dr.523@outlook.com,user,user123,Bangalore
3659,Christina Preston,christina6793@gmail.com,user,user123,Hyderabad
3660,Kelsey Pineda,kelsey8129@mail.com,user,user123,Delhi
3661,Tina Scott,tina8294@company.com,user,user123,Mumbai
3662,Heather Holland,heather4449@outlook.com,user,user123,Pune
3663,Karen Collins,karen3919@gmail.com,user,user123,Bangalore
3665,Audrey Jones,audrey3297@yahoo.com,user,user123,Delhi
3666,Autumn Martinez,autumn4010@mail.com,user,user123,Mumbai
3667,Dana Williams,dana6737@test.com,user,user123,Pune
3668,Alicia Bennett,alicia2402@yahoo.com,user,user123,Bangalore
3669,alan roberts,alan1238 @ yahoo.com,user,user123,Hyderabad
3670,Mary Davis,mary839@test.com,user,user123,Delhi
3671,Dr. Darren Harris,dr.6437@gmail.com,user,user123,Mumbai
3672,Richard Cardenas,richard7318@outlook.com,user,user123,Pune
3673,Yolanda Bender,yolanda4396@outlook.com,user,user123,Bangalore
3674,Robin Lawson,robin8220@company.com,user,user123,Hyderabad
3675,Patrick Cisneros,patrick5926@gmail.com,user,user123,Delhi
3677,Kelly Morgan,kelly6791@mail.com,user,user123,Pune
3678,Randall Webb,randall7190@outlook.com,user,user123,Bangalore
3679,Taylor Watkins,taylor7728@mail.com,user,user123,Hyderabad
3680,Kayla Sanders,kayla3797@mail.com,user,user123,Delhi
3681,Sharon Hodges,sharon7975@outlook.com,user,user123,Mumbai
3682,Matthew Smith,matthew25@gmail.com,user,user123,Pune
3683,Rebecca Valencia,rebecca3751@test.com,user,user123,Bangalore
3684,Teresa Bailey,teresa7680@test.com,user,user123,Hyderabad
3685,Preston Alvarado,preston8729@gmail.com,user,user123,Delhi
3686,Curtis Johnson,curtis4385@gmail.com,user,user123,Mumbai
3687,Rebecca Murphy,rebecca5502@company.com,user,user123,Pune
3688,Alexander Ortiz,alexander4548@test.com,user,user123,Bangalore
3689,Cassidy Anderson,cassidy1049@yahoo.com,user,user123,Hyderabad
3690,Patrick Wilson,patrick4489@gmail.com,user,user123,Delhi
3691,Katrina Gregory,katrina5473@company.com,user,user123,Mumbai
3692,david roberts,david9778@mail.com,user,user123,Pune
3693,Aaron Walker,aaron2244@gmail.com,user,user123,Bangalore
3694,Kimberly Hughes,kimberly1539@yahoo.com,user,user123,Hyderabad
3695,Kristen Lynch,kristen2700@mail.com,user,user123,Delhi
3696,Christina King,christina1501@outlook.com,user,user123,Mumbai
3697,Ashley Hood,ashley2642@test.com,user,user123,Pune
3698,Krystal Schmidt,krystal8773@company.com,user,user123,Bangalore
3699,Samantha Brown,samantha7808@test.com,user,user123,Hyderabad
3700,Angela Young,angela9520@company.com,user,user123,Delhi
3701,Austin Anderson,austin5973@yahoo.com,user,user123,Mumbai
3702,JASON BAILEY,jason3808@test.com,user,user123,Pune
3703,Charles Gordon,charles6003@company.com,user,user123,Bangalore
3704,DAVID WATTS,david7147@outlook.com,user,user123,Hyderabad
3705,Patricia Shelton,patricia7385@yahoo.com,user,user123,Delhi
3706,Patrick Davis,patrick1709@yahoo.com,user,user123,Mumbai
3707,Kristina Nichols,kristina4367@yahoo.com,user,user123,Pune
3708,Adam Gentry,adam4817@company.com,user,user123,Bangalore
3709,Wendy Thomas,wendy1782@test.com,user,user123,Hyderabad
3710,Roy Garcia,roy7019@yahoo.com,user,user123,Delhi
3713,Kelli Henson,kelli7517@mail.com,user,user123,Bangalore
3714,Amanda Young,amanda3877@test.com,user,user123,Hyderabad
3715,Stephanie Byrd,stephanie7594@company.com,user,user123,Delhi
3716,Carolyn Rowe,carolyn4858@company.com,user,user123,Mumbai
3717,Shannon Mendoza,shannon8166@test.com,user,user123,Pune
3718,emily williams,emily9356@company.com,user,user123,Bangalore
3719,Michael Hunter,michael8372@gmail.com,user,user123,Hyderabad
3720,Chelsea Wilcox,chelsea7675@mail.com,user,user123,Delhi
3721,Gregory Wyatt,gregory1849@outlook.com,user,user123,Mumbai
3722,Ian Brown,ian2931@company.com,user,user123,Pune
3723,Lisa Roberts,lisa2171@mail.com,user,user123,Bangalore
3725,garrett wright,garrett4315@company.com,user,user123,Delhi
3726,Victoria King,victoria5076@mail.com,user,user123,Mumbai
3727,Ashley Craig,ashley2550@outlook.com,user,user123,Pune
3728,Darren Thornton,darren9927@company.com,user,user123,Bangalore
3729,Sarah May,sarah5578@mail.com,user,user123,Hyderabad
3730,Raymond Torres,raymond763@outlook.com,user,user123,Delhi
3731,Raymond Perry,raymond3533@gmail.com,user,user123,Mumbai
3732,Vicki Fernandez,vicki8986@yahoo.com,user,user123,Pune
3734,Mary Torres,mary2833@test.com,user,user123,Hyderabad
3736,Jeffrey Burton,jeffrey3999@mail.com,user,user123,Mumbai
3737,Lynn Thompson,lynn5697@outlook.com,user,user123,Pune
3738,Jasmine Castro,jasmine189@yahoo.com,user,user123,Bangalore
3739,Jesus Neal,jesus2905 @ gmail.com,user,user123,Hyderabad
3740,Julie Huang,julie1296@yahoo.com,user,user123,Delhi
3741,Carla Brown,carla4413@outlook.com,user,user123,Mumbai
3742,Jeffrey Yang,jeffrey6428@yahoo.com,user,user123,Pune
3743,Janet White,janet9514@yahoo.com,user,user123,Bangalore
3744,AMY DAVIS,amy551@yahoo.com,user,user123,Hyderabad
3746,daniel jacobson,daniel4383@outlook.com,user,user123,Mumbai
3747,Nicholas Nash,nicholas5793@outlook.com,user,user123,Pune
3748,Melissa Mitchell,melissa6599@yahoo.com,user,user123,Bangalore
3749,LISA KRAMER,lisa742@company.com,user,user123,Hyderabad
3750,Caitlyn Miller,caitlyn4921@yahoo.com,user,user123,Delhi
3751,Dr. James Thompson,dr.7446 @ test.com,user,user123,Mumbai
3752,charlotte sanchez,charlotte9496 @ company.com,user,user123,Pune
3753,William Dillon,william4117@mail.com,user,user123,Bangalore
3754,Manuel Hall MD,manuel461@yahoo.com,user,user123,Hyderabad
3756,Matthew Sullivan,matthew6198@company.com,user,user123,Mumbai
3757,Karen Lopez,karen553 @ test.com,user,user123,Pune
3758,Stephanie Cuevas,stephanie6432@mail.com,user,user123,Bangalore
3759,Melissa Moran,melissa2654 @ yahoo.com,user,user123,Hyderabad
3760,tracy serrano,tracy7246@test.com,user,user123,Delhi
3761,Melissa Mooney,melissa1281 @ company.com,user,user123,Mumbai
3762,Dustin Harrison,dustin9804@gmail.com,user,user123,Pune
3763,Kristi Smith,kristi5073@yahoo.com,user,user123,Bangalore
3764,Richard Roman,richard5110@gmail.com,user,user123,Hyderabad
3765,Mrs. Cheyenne Fox,mrs.9039@mail.com,user,user123,Delhi
3766,Richard Leonard,richard8295@gmail.com,user,user123,Mumbai
3767,Shannon Wiley,shannon2331@company.com,user,user123,Pune
3769,Tyler Valenzuela,tyler431@gmail.com,user,user123,Hyderabad
3770,Mrs. Jessica Bennett,mrs.6450@outlook.com,user,user123,Delhi
3771,Michelle Ruiz,michelle1924@mail.com,user,user123,Mumbai
3772,Amber Fitzgerald,amber7810@company.com,user,user123,Pune
3773,Joshua Whitehead,joshua8188@mail.com,user,user123,Bangalore
3774,Ronald Lewis,ronald6622@outlook.com,user,user123,Hyderabad
3775,Jennifer Bradford,jennifer507@mail.com,user,user123,Delhi
3776,Daniel Scott,daniel562@outlook.com,user,user123,Mumbai
3777,Tina Davis,tina9417@yahoo.com,user,user123,Pune
3778,michael morris,michael998@test.com,user,user123,Bangalore
3779,Rhonda Mendoza,rhonda7014@outlook.com,user,user123,Hyderabad
3780,Karen Gonzalez,karen6080@outlook.com,user,user123,Delhi
3781,Elaine Jimenez,elaine643@test.com,user,user123,Mumbai
3782,DOUGLAS EDWARDS,douglas9934@yahoo.com,user,user123,Pune
3783,Sean Doyle,sean2906@test.com,user,user123,Bangalore
3784,PAUL ALVAREZ,paul8852@test.com,user,user123,Hyderabad
3785,Justin Pham,justin5673@test.com,user,user123,Delhi
3786,Stephen Hudson,stephen1786@mail.com,user,user123,Mumbai
3787,Dana Crosby,dana5295@gmail.com,user,user123,Pune
3788,Priscilla Williams,priscilla6981@gmail.com,user,user123,Bangalore
3789,Elizabeth Murphy,elizabeth4040 @ company.com,user,user123,Hyderabad
3790,Andrew Irwin,andrew1446@yahoo.com,user,user123,Delhi
3791,Ashley Knight,ashley9189@mail.com,user,user123,Mumbai
3792,Amanda Williams,amanda6294@gmail.com,user,user123,Pune
3794,Jeffery Norman,jeffery343 @ yahoo.com,user,user123,Hyderabad
3795,Nicole Jones,nicole5523 @ mail.com,user,user123,Delhi
3796,Grace Chandler,grace2711@yahoo.com,user,user123,Mumbai
3797,Felicia Smith,felicia9809@company.com,user,user123,Pune
3798,Sharon Walker,sharon7167@gmail.com,user,user123,Bangalore
3799,Lisa Wright,lisa1021@yahoo.com,user,user123,Hyderabad
3800,Nicole Becker,nicole263@yahoo.com,user,user123,Delhi
3801,Sean Mcgee,sean8195@gmail.com,user,user123,Mumbai
3802,Richard Ramsey,richard9960@mail.com,user,user123,Pune
3803,DANIEL TYLER,daniel8985@company.com,user,user123,Bangalore
3804,Pamela Nelson,pamela8594@outlook.com,user,user123,Hyderabad
3805,Theresa Rios,theresa1031@gmail.com,user,user123,Delhi
3806,Brian Williams,brian645@gmail.com,user,user123,Mumbai
3807,Shannon Carr,shannon4363@test.com,user,user123,Pune
3808,Crystal Bartlett,crystal7408@gmail.com,user,user123,Bangalore
3809,Joanne Boyd,joanne4273@outlook.com,user,user123,Hyderabad
3810,Tyler Smith,tyler7696@test.com,user,user123,Delhi
3811,Mark Suarez,mark7867@test.com,user,user123,Mumbai
3812,Adrienne Johnston,adrienne3732@mail.com,user,user123,Pune
3813,Connor Gonzalez,connor4201@test.com,user,user123,Bangalore
3814,Jessica Green,jessica8649@company.com,user,user123,Hyderabad
3815,Scott Davis,scott6885@company.com,user,user123,Delhi
3816,Kimberly Matthews,kimberly1202@yahoo.com,user,user123,Mumbai
3817,Kiara Franklin,kiara3391@company.com,user,user123,Pune
3818,Bailey Roberts,bailey3087@outlook.com,user,user123,Bangalore
3819,William Smith,william2322@mail.com,user,user123,Hyderabad
3820,James Rodriguez,james9642@yahoo.com,user,user123,Delhi
3821,Mary Fox,mary8213@outlook.com,user,user123,Mumbai
3822,Kathleen Robles,kathleen6462@yahoo.com,user,user123,Pune
3824,David Williams,david4282@company.com,user,user123,Hyderabad
3825,Dwayne Guzman,dwayne2734@gmail.com,user,user123,Delhi
3826,Jamie Jones,jamie2251@test.com,user,user123,Mumbai
3827,Darrell Briggs,darrell7001@outlook.com,user,user123,Pune
3828,Lisa Miller,lisa8228@yahoo.com,user,user123,Bangalore
3829,Aaron Stewart,aaron306@test.com,user,user123,Hyderabad
3830,Abigail Meyers,abigail5121@mail.com,user,user123,Delhi
3831,erin paul,erin666@test.com,user,user123,Mumbai
3832,Gina Santiago,gina794@outlook.com,user,user123,Pune
3833,Leslie Farrell,leslie4255@gmail.com,user,user123,Bangalore
3834,amanda reyes,amanda8846@yahoo.com,user,user123,Hyderabad
3835,Amy Buchanan,amy8832@test.com,user,user123,Delhi
3836,Mark Guzman,mark5209@outlook.com,user,user123,Mumbai
3837,Darrell Mitchell,darrell8910@test.com,user,user123,Pune
3838,Jeremy Collins,jeremy5632@yahoo.com,user,user123,Bangalore
3839,Meghan Young,meghan6818@gmail.com,user,user123,Hyderabad
3840,Ms. Lisa Robinson,ms.5855@gmail.com,user,user123,Delhi
3841,Sarah Wright,sarah3189@test.com,user,user123,Mumbai
3842,Michael Holland,michael8130 @ outlook.com,user,user123,Pune
3843,Christina Anderson,christina7689@gmail.com,user,user123,Bangalore
3844,Charles Lee,charles3048@company.com,user,user123,Hyderabad
3845,Sherry Clarke,sherry8075@test.com,user,user123,Delhi
3846,Beverly Kramer,beverly4827@mail.com,user,user123,Mumbai
3848,Chad Adams,chad166@gmail.com,user,user123,Bangalore
3849,Jeffrey Jones,jeffrey940@gmail.com,user,user123,Hyderabad
3850,Mr. Joseph Smith,mr.3717@outlook.com,user,user123,Delhi
3851,Robert Daugherty,robert5903@outlook.com,user,user123,Mumbai
3853,Brenda Page,brenda8815@mail.com,user,user123,Bangalore
3854,Nicholas Mason,nicholas4865@company.com,user,user123,Hyderabad
3855,Jamie Torres,jamie7204@yahoo.com,user,user123,Delhi
3856,Kevin Osborne,kevin6955@mail.com,user,user123,Mumbai
3857,Diane Watson,diane1005@gmail.com,user,user123,Pune
3858,Sierra Wilkinson,sierra1740@yahoo.com,user,user123,Bangalore
3859,Traci Richards,traci5832@gmail.com,user,user123,Hyderabad
3861,Colton Williams,colton1585@outlook.com,user,user123,Mumbai
3862,Jerome Johnson,jerome6917@test.com,user,user123,Pune
3863,Juan Acevedo,juan2782@mail.com,user,user123,Bangalore
3864,Laura Best,laura6710 @ test.com,user,user123,Hyderabad
3865,Jeremy Bryant,jeremy4512@outlook.com,user,user123,Delhi
3867,Brenda Martin,brenda3609@mail.com,user,user123,Pune
3868,Veronica Mccullough,veronica7109@company.com,user,user123,Bangalore
3869,Randall Price,randall4384@test.com,user,user123,Hyderabad
3870,Courtney Reese,courtney6592@outlook.com,user,user123,Delhi
3871,James Stafford,james7562@test.com,user,user123,Mumbai
3872,Kimberly Gomez,kimberly5149@mail.com,user,user123,Pune
3873,Antonio Griffin,antonio8136@test.com,user,user123,Bangalore
3874,Rachel Riley,rachel9971@gmail.com,user,user123,Hyderabad
3875,Danielle Clark,danielle2438@yahoo.com,user,user123,Delhi
3876,brandon walton,brandon5566@gmail.com,user,user123,Mumbai
3877,Yvette Miller,yvette2613@company.com,user,user123,Pune
3878,April Chen,april1435@mail.com,user,user123,Bangalore
3879,Benjamin Patel,benjamin9099@mail.com,user,user123,Hyderabad
3880,Brian Anthony,brian8469@test.com,user,user123,Delhi
3881,Jacqueline Bautista,jacqueline9407@yahoo.com,user,user123,Mumbai
3882,Michelle Williams,michelle7909@outlook.com,user,user123,Pune
3883,Rita Holloway,rita5932@company.com,user,user123,Bangalore
3884,Lindsay Howard,lindsay109@outlook.com,user,user123,Hyderabad
3886,Melissa Price,melissa4613@yahoo.com,user,user123,Mumbai
3887,Cassidy Rodriguez,cassidy4740@mail.com,user,user123,Pune
3888,Jacob Colon,jacob8347@mail.com,user,user123,Bangalore
3889,Brianna Curtis,brianna4441@yahoo.com,user,user123,Hyderabad
3890,Gregory Hernandez,gregory8497@mail.com,user,user123,Delhi
3891,SHAWN BARKER,shawn5673@mail.com,user,user123,Mumbai
3892,Timothy Frank,timothy3631@outlook.com,user,user123,Pune
3893,Patrick Johnson,patrick6258@test.com,user,user123,Bangalore
3894,Scott Greene,scott492@outlook.com,user,user123,Hyderabad
3895,Mr. Carl Lawson MD,mr.5798@mail.com,user,user123,Delhi
3896,Margaret Foster,margaret1801@test.com,user,user123,Mumbai
3897,Scott Bennett,scott5912@company.com,user,user123,Pune
3898,Scott Hernandez,scott2395@mail.com,user,user123,Bangalore
3899,Robert Jones,robert2247@gmail.com,user,user123,Hyderabad
3900,Brett Murphy,brett6644@outlook.com,user,user123,Delhi
3901,ann mendez,ann2590@mail.com,user,user123,Mumbai
3902,Andrea Sanders,andrea895@outlook.com,user,user123,Pune
3903,Heather Moore,heather152@yahoo.com,user,user123,Bangalore
3904,Zachary Knox,zachary9994@yahoo.com,user,user123,Hyderabad
3905,Brandon Hayes,brandon7226@yahoo.com,user,user123,Delhi
3906,Thomas Nguyen,thomas1074@company.com,user,user123,Mumbai
3907,Jessica Johnson,jessica1474@company.com,user,user123,Pune
3908,Jason Ochoa,jason6876@test.com,user,user123,Bangalore
3909,Jamie Alvarado,jamie1635@outlook.com,user,user123,Hyderabad
3911,Ashley Graves,ashley1060@outlook.com,user,user123,Mumbai
3912,Carol Murray,carol8164@test.com,user,user123,Pune
3913,Sydney Lara,sydney9047@test.com,user,user123,Bangalore
3914,Kathy Dominguez,kathy2253@yahoo.com,user,user123,Hyderabad
3915,Michael Flores,michael7104@test.com,user,user123,Delhi
3916,tiffany brown,tiffany1526@mail.com,user,user123,Mumbai
3917,Timothy Peterson,timothy7686@mail.com,user,user123,Pune
3919,Donna Perkins,donna8885@company.com,user,user123,Hyderabad
3920,Denise Leon,denise451@gmail.com,user,user123,Delhi
3921,Jose Wood,jose1459@yahoo.com,user,user123,Mumbai
3922,Donna Gordon,donna9099@yahoo.com,user,user123,Pune
3923,Brian Santiago,brian5184@test.com,user,user123,Bangalore
3925,Gina Barnett,gina2464@test.com,user,user123,Delhi
3926,Catherine Perkins,catherine4006@company.com,user,user123,Mumbai
3927,Jason Navarro,jason1447@test.com,user,user123,Pune
3928,richard shelton,richard5366@company.com,user,user123,Bangalore
3929,Julie Campbell,julie2026@gmail.com,user,user123,Hyderabad
3930,Sherry Dorsey,sherry531@yahoo.com,user,user123,Delhi
3931,Jessica Rubio,jessica7529@test.com,user,user123,Mumbai
3932,Michael Rogers,michael9106@outlook.com,user,user123,Pune
3933,Wendy Ramsey,wendy4163@company.com,user,user123,Bangalore
3934,Michael Krause,michael6805@test.com,user,user123,Hyderabad
3935,MICHELLE SMITH,michelle9457@outlook.com,user,user123,Delhi
3936,Nicole Bailey,nicole2259@yahoo.com,user,user123,Mumbai
3937,Brenda Larson,brenda2028@mail.com,user,user123,Pune
3938,Nicole Anderson,nicole9225@test.com,user,user123,Bangalore
3939,Andrea Flores,andrea6432@outlook.com,user,user123,Hyderabad
3940,Bobby Sandoval,bobby3181@outlook.com,user,user123,Delhi
3941,Harold Bailey,harold6648@test.com,user,user123,Mumbai
3942,Melanie Henry,melanie2396@yahoo.com,user,user123,Pune
3943,Lisa Prince,lisa2263@company.com,user,user123,Bangalore
3944,Jordan Martin,jordan5025@company.com,user,user123,Hyderabad
3945,Timothy Williams II,timothy6399@yahoo.com,user,user123,Delhi
3946,Jennifer Little,jennifer4655@outlook.com,user,user123,Mumbai
3947,Beverly Cabrera,beverly1819@test.com,user,user123,Pune
3948,Kimberly Humphrey,kimberly393@test.com,user,user123,Bangalore
3949,Matthew Ramirez,matthew8273@test.com,user,user123,Hyderabad
3950,Vanessa Boyle,vanessa6750@mail.com,user,user123,Delhi
3951,kendra bell,kendra1562@outlook.com,user,user123,Mumbai
3952,Jennifer Roberts,jennifer3946@mail.com,user,user123,Pune
3953,Matthew Herring,matthew2801 @ yahoo.com,user,user123,Bangalore
3954,Angela Smith,angela6753@test.com,user,user123,Hyderabad
3955,Daniel Nguyen,daniel8644@outlook.com,user,user123,Delhi
3956,Emily Nelson,emily9893@mail.com,user,user123,Mumbai
3957,Oscar Perry,oscar6139@test.com,user,user123,Pune
3958,Joshua Cruz,joshua1491 @ test.com,user,user123,Bangalore
3959,Jill Weiss,jill6717@gmail.com,user,user123,Hyderabad
3960,Aaron Harper,aaron7397@test.com,user,user123,Delhi
3961,Mr. Drew Lewis MD,mr.4841@yahoo.com,user,user123,Mumbai
3962,Ryan Smith,ryan2054@outlook.com,user,user123,Pune
3964,Kristy Rocha,kristy5673@outlook.com,user,user123,Hyderabad
3965,James Cox,james1244@outlook.com,user,user123,Delhi
3966,Michael Conway,michael7961@test.com,user,user123,Mumbai
3967,Bethany Mckinney,bethany8607@outlook.com,user,user123,Pune
3968,Aaron Bowman,aaron3399@outlook.com,user,user123,Bangalore
3969,Mark Robertson,mark4805@yahoo.com,user,user123,Hyderabad
3970,Jacqueline Velazquez,jacqueline2566@test.com,user,user123,Delhi
3971,Kristin Yang,kristin4863@yahoo.com,user,user123,Mumbai
3972,Natasha Lin,natasha6417@yahoo.com,user,user123,Pune
3973,Michael Cook,michael4989@test.com,user,user123,Bangalore
3975,Jessica Brown,jessica3984@mail.com,user,user123,Delhi
3977,Maria Tapia,maria5818@yahoo.com,user,user123,Pune
3979,Angela Frazier,angela7133@outlook.com,user,user123,Hyderabad
3980,Lisa Parker,lisa4382@outlook.com,user,user123,Delhi
3981,Christina Sherman,christina9408@mail.com,user,user123,Mumbai
3982,Shannon Mcfarland,shannon6782@yahoo.com,user,user123,Pune
3983,Kimberly Stewart,kimberly9174@gmail.com,user,user123,Bangalore
3985,Joshua King,joshua256@company.com,user,user123,Delhi
3986,Mia Kelley,mia3291@company.com,user,user123,Mumbai
3987,Brianna Gallegos,brianna9317@mail.com,user,user123,Pune
3988,Michael Pope,michael7242@gmail.com,user,user123,Bangalore
3989,Julia Smith,julia2203@gmail.com,user,user123,Hyderabad
3990,Madeline Davis,madeline2666@yahoo.com,user,user123,Delhi
3991,Susan Martin,susan7827@yahoo.com,user,user123,Mumbai
3992,Gregory Bryant,gregory9231@mail.com,user,user123,Pune
3993,Phillip Browning,phillip6668@test.com,user,user123,Bangalore
3994,Andrew Williams,andrew9102@company.com,user,user123,Hyderabad
3995,Cesar Acosta,cesar8359@mail.com,user,user123,Delhi
3996,christopher thomas,christopher6631@gmail.com,user,user123,Mumbai
3997,Kirsten Ferrell,kirsten2981@test.com,user,user123,Pune
3998,Deborah Brown,deborah9923@test.com,user,user123,Bangalore
3999,Eileen Gutierrez,eileen6904@test.com,user,user123,Hyderabad
4000,Donna Cabrera,donna3084@outlook.com,user,user123,Delhi
4002,David Hayes,david4659@mail.com,user,user123,Pune
4003,Justin Allen,justin7034@company.com,user,user123,Bangalore
4004,Michael Alexander,michael9648@gmail.com,user,user123,Hyderabad
4005,Jonathan Lucas,jonathan1905@test.com,user,user123,Delhi
4007,valerie bowers,valerie6044@test.com,user,user123,Pune
4008,Ashley Miller,ashley5480@yahoo.com,user,user123,Bangalore
4009,Jeremiah Giles,jeremiah6609@outlook.com,user,user123,Hyderabad
4010,Dana Greene,dana7499@outlook.com,user,user123,Delhi
4011,William Gordon,william2918 @ company.com,user,user123,Mumbai
4012,Vanessa Mccarty,vanessa1568@gmail.com,user,user123,Pune
4013,James Richardson,james5266@company.com,user,user123,Bangalore
4014,Robert Smith,robert2828@test.com,user,user123,Hyderabad
4015,BRYCE FISHER,bryce9400 @ outlook.com,user,user123,Delhi
4016,justin smith,justin1399@gmail.com,user,user123,Mumbai
4017,James Smith,james9536@yahoo.com,user,user123,Pune
4018,David Wells,david7245@test.com,user,user123,Bangalore
4019,Julia Kim,julia8680@test.com,user,user123,Hyderabad
4020,Michael Allen,michael9422@gmail.com,user,user123,Delhi
4021,Deborah Gates,deborah2533@mail.com,user,user123,Mumbai
4022,Jacob May,jacob1467@company.com,user,user123,Pune
4023,Cynthia Patrick,cynthia6392 @ company.com,user,user123,Bangalore
4024,Craig Luna,craig6006@test.com,user,user123,Hyderabad
4025,Denise Hodge,denise9025@mail.com,user,user123,Delhi
4026,Gabrielle Hawkins,gabrielle5357@yahoo.com,user,user123,Mumbai
4028,diamond martin,diamond2687@test.com,user,user123,Bangalore
4029,Pamela Rowland,pamela1073@test.com,user,user123,Hyderabad
4030,Michelle Myers DVM,michelle4010@company.com,user,user123,Delhi
4031,Christopher Anderson,christopher2678@outlook.com,user,user123,Mumbai
4032,Tyrone Wright,tyrone9218@company.com,user,user123,Pune
4033,Jessica Burton,jessica7612@company.com,user,user123,Bangalore
4034,Robin Chambers,robin6627@mail.com,user,user123,Hyderabad
4035,Lawrence Riley,lawrence9513@company.com,user,user123,Delhi
4036,Andrew Wells,andrew5848@outlook.com,user,user123,Mumbai
4037,Dorothy Williamson,dorothy9125@company.com,user,user123,Pune
4038,Richard Stewart,richard2507 @ mail.com,user,user123,Bangalore
4039,Eric Hansen,eric9555@company.com,user,user123,Hyderabad
4040,Stephanie Burton,stephanie7035@mail.com,user,user123,Delhi
4041,Kenneth Smith,kenneth3796@yahoo.com,user,user123,Mumbai
4043,Sean Bradley,sean2796@gmail.com,user,user123,Bangalore
4044,Deborah Hill,deborah3737@outlook.com,user,user123,Hyderabad
4045,Jenna Gordon,jenna7086@test.com,user,user123,Delhi
4046,Amy Poole,amy4741@gmail.com,user,user123,Mumbai
4047,Eric Casey,eric1286@mail.com,user,user123,Pune
4048,Leah Sharp,leah3024@mail.com,user,user123,Bangalore
4049,Melissa Schmidt,melissa2@gmail.com,user,user123,Hyderabad
4050,Angela King,angela6153@yahoo.com,user,user123,Delhi
4051,Jacob Pittman,jacob3076@test.com,user,user123,Mumbai
4052,Michelle Wright,michelle2989@outlook.com,user,user123,Pune
4053,larry perez,larry7639@outlook.com,user,user123,Bangalore
4054,justin richardson,justin9111@test.com,user,user123,Hyderabad
4057,Julie Kidd,julie7221@mail.com,user,user123,Pune
4058,Nicole Rodriguez,nicole3458@yahoo.com,user,user123,Bangalore
4059,Kimberly Martin,kimberly7958@gmail.com,user,user123,Hyderabad
4060,Stephanie Howard,stephanie4121@gmail.com,user,user123,Delhi
4061,Anthony Price,anthony8259@yahoo.com,user,user123,Mumbai
4062,SEAN MENDEZ,sean6513@yahoo.com,user,user123,Pune
4063,Christine Weaver,christine9537@company.com,user,user123,Bangalore
4064,Anna Strickland,anna7750@test.com,user,user123,Hyderabad
4065,Kimberly Johnson,kimberly7473@test.com,user,user123,Delhi
4066,Daniel Austin,daniel5104@gmail.com,user,user123,Mumbai
4067,Tasha Armstrong,tasha3667@gmail.com,user,user123,Pune
4068,Philip Mckee,philip3969@gmail.com,user,user123,Bangalore
4069,Russell Ballard,russell1318@yahoo.com,user,user123,Hyderabad
4070,Dr. Joel Harris,dr.396@company.com,user,user123,Delhi
4071,Sarah Hayden,sarah9813@gmail.com,user,user123,Mumbai
4072,Tommy Gray,tommy2582@company.com,user,user123,Pune
4073,Thomas Hall,thomas8240@outlook.com,user,user123,Bangalore
4074,Carmen Cherry,carmen8097@company.com,user,user123,Hyderabad
4075,Michelle Gonzalez,michelle3137@test.com,user,user123,Delhi
4076,ALICIA WHITE,alicia6404@mail.com,user,user123,Mumbai
4078,Dana Vazquez,dana7463@company.com,user,user123,Bangalore
4079,Donna Hernandez,donna2537@mail.com,user,user123,Hyderabad
4080,Laura Powell,laura7671@mail.com,user,user123,Delhi
4081,Daniel Davidson,daniel5576@test.com,user,user123,Mumbai
4082,Paul Carter,paul3521@outlook.com,user,user123,Pune
4083,Heather Mccarthy,heather1967@gmail.com,user,user123,Bangalore
4084,Ryan Willis,ryan2520 @ test.com,user,user123,Hyderabad
4086,Joanna Johnson,joanna9191@test.com,user,user123,Mumbai
4087,Todd Davenport,todd9191@outlook.com,user,user123,Pune
4089,Brian Morgan,brian1981@company.com,user,user123,Hyderabad
4090,David Collins,david2616@test.com,user,user123,Delhi
4091,Robert Bass,robert4664@mail.com,user,user123,Mumbai
4092,Jessica Mays,jessica2577@yahoo.com,user,user123,Pune
4093,Diana Wong,diana3893@outlook.com,user,user123,Bangalore
4094,Christopher Smith,christopher1111@yahoo.com,user,user123,Hyderabad
4095,Christopher Coleman,christopher4523@test.com,user,user123,Delhi
4096,Melissa Brock,melissa1343@mail.com,user,user123,Mumbai
4098,Andrew Estrada,andrew8963@test.com,user,user123,Bangalore
4099,Eugene Hubbard,eugene442@gmail.com,user,user123,Hyderabad
4100,Samuel Davis,samuel4753@company.com,user,user123,Delhi
4101,Laura Dominguez,laura939@company.com,user,user123,Mumbai
4102,Elizabeth Hughes,elizabeth70@mail.com,user,user123,Pune
4103,Monique Rogers,monique2130 @ mail.com,user,user123,Bangalore
4104,Patrick Cervantes,patrick3603@test.com,user,user123,Hyderabad
4105,Michael Wyatt,michael9761@test.com,user,user123,Delhi
4106,Ashley Charles,ashley5741@company.com,user,user123,Mumbai
4107,Gail Harris,gail4230@company.com,user,user123,Pune
4108,Kimberly Hill,kimberly6392@yahoo.com,user,user123,Bangalore
4109,Deanna Cochran,deanna9166@yahoo.com,user,user123,Hyderabad
4110,Julie Ortega,julie3018@company.com,user,user123,Delhi
4111,KAREN BURGESS,karen4003@gmail.com,user,user123,Mumbai
4112,Jose Hernandez,jose9508@company.com,user,user123,Pune
4113,Traci Camacho,traci3755@mail.com,user,user123,Bangalore
4114,Sergio Fuller,sergio9726@gmail.com,user,user123,Hyderabad
4115,Kayla Ross,kayla6119@yahoo.com,user,user123,Delhi
4116,Monica Callahan,monica9381@yahoo.com,user,user123,Mumbai
4117,David James,david7037@mail.com,user,user123,Pune
4118,Stephanie Reilly DDS,stephanie6073@gmail.com,user,user123,Bangalore
4119,Jennifer David,jennifer1247@gmail.com,user,user123,Hyderabad
4120,Dorothy Cox,dorothy9379@gmail.com,user,user123,Delhi
4121,Ashley Tran,ashley522@mail.com,user,user123,Mumbai
4122,Kylie Foster,kylie7669 @ mail.com,user,user123,Pune
4123,REBECCA HERNANDEZ,rebecca5242@gmail.com,user,user123,Bangalore
4124,Hannah Nguyen,hannah986@test.com,user,user123,Hyderabad
4125,Victoria Johnston,victoria362 @ test.com,user,user123,Delhi
4126,Matthew Miller,matthew9373@gmail.com,user,user123,Mumbai
4127,Eduardo Thompson,eduardo8676@test.com,user,user123,Pune
4128,Ryan Hughes,ryan9832@test.com,user,user123,Bangalore
4129,Benjamin Jones,benjamin917@outlook.com,user,user123,Hyderabad
4130,Tyler Simmons,tyler7066@yahoo.com,user,user123,Delhi
4131,Heather Harmon,heather5129@gmail.com,user,user123,Mumbai
4132,Jacqueline Torres,jacqueline2556@test.com,user,user123,Pune
4133,Jason Burnett,jason3752@gmail.com,user,user123,Bangalore
4134,Mrs. Catherine Perez,mrs.2146@mail.com,user,user123,Hyderabad
4135,Jon Bradshaw,jon7636@yahoo.com,user,user123,Delhi
4137,Alexandra Davis,alexandra7506@outlook.com,user,user123,Pune
4138,Rebecca Andersen,rebecca7718@outlook.com,user,user123,Bangalore
4139,Patrick Acosta,patrick1523@yahoo.com,user,user123,Hyderabad
4140,Julie Edwards,julie433@test.com,user,user123,Delhi
4141,Tara Maynard,tara8998@company.com,user,user123,Mumbai
4142,Christopher Carr,christopher3412@outlook.com,user,user123,Pune
4143,mrs. jennifer herring,mrs.836@mail.com,user,user123,Bangalore
4145,Judith Bates,judith8328@outlook.com,user,user123,Delhi
4147,DANIEL HERNANDEZ,daniel3720@yahoo.com,user,user123,Pune
4148,Linda Wilson,linda9915@outlook.com,user,user123,Bangalore
4149,Tammy King,tammy1940@outlook.com,user,user123,Hyderabad
4150,Elizabeth Phelps,elizabeth1554@gmail.com,user,user123,Delhi
4151,Brenda Dyer,brenda3810@mail.com,user,user123,Mumbai
4152,JIMMY MARKS,jimmy876 @ test.com,user,user123,Pune
4153,David Atkins,david9101@gmail.com,user,user123,Bangalore
4154,Roy Ward,roy561@outlook.com,user,user123,Hyderabad
4155,Wendy Ford,wendy2039@test.com,user,user123,Delhi
4156,Michael Lopez,michael7017@mail.com,user,user123,Mumbai
4157,Kathleen Roy,kathleen5669@mail.com,user,user123,Pune
4159,nicholas perry,nicholas5000 @ mail.com,user,user123,Hyderabad
4161,Bobby Golden,bobby730@mail.com,user,user123,Mumbai
4162,Bradley Williams,bradley4877@outlook.com,user,user123,Pune
4163,BRIANNA CLARK,brianna8089@mail.com,user,user123,Bangalore
4164,Jason Colon,jason2517@gmail.com,user,user123,Hyderabad
4165,Thomas Pham,thomas5626@test.com,user,user123,Delhi
4166,Jose Kerr,jose9251@outlook.com,user,user123,Mumbai
4167,JOHN RAMIREZ,john8193@yahoo.com,user,user123,Pune
4168,Lori Hebert,lori3845@gmail.com,user,user123,Bangalore
4169,Perry Carter,perry2437@yahoo.com,user,user123,Hyderabad
4170,jennifer glass,jennifer1286@gmail.com,user,user123,Delhi
4172,Allen Lopez,allen3384@outlook.com,user,user123,Pune
4173,Jeffrey Mccann,jeffrey2277@gmail.com,user,user123,Bangalore
4174,William Williams,william5335@gmail.com,user,user123,Hyderabad
4175,Mary Brown,mary6299@yahoo.com,user,user123,Delhi
4176,Thomas Baker,thomas6448@company.com,user,user123,Mumbai
4177,Benjamin Colon,benjamin4730@outlook.com,user,user123,Pune
4178,Jacqueline Woodward,jacqueline7232@mail.com,user,user123,Bangalore
4179,Terry Schmidt,terry3862@gmail.com,user,user123,Hyderabad
4180,Mallory Shaw,mallory3296@test.com,user,user123,Delhi
4181,Jacqueline Williams MD,jacqueline337@test.com,user,user123,Mumbai
4182,Lisa Nolan,lisa9023 @ gmail.com,user,user123,Pune
4183,Anthony Rosales,anthony2864@outlook.com,user,user123,Bangalore
4184,Michelle Mullins,michelle6252@yahoo.com,user,user123,Hyderabad
4185,Angela Rivera,angela2008@gmail.com,user,user123,Delhi
4186,Hannah Rose,hannah5090@company.com,user,user123,Mumbai
4187,jasmine williams md,jasmine2249@gmail.com,user,user123,Pune
4188,CINDY WATTS,cindy6084@test.com,user,user123,Bangalore
4189,Curtis Reed,curtis4138@mail.com,user,user123,Hyderabad
4191,Michelle King,michelle8554@test.com,user,user123,Mumbai
4192,Timothy Alexander,timothy1392@company.com,user,user123,Pune
4193,Brad Mendoza,brad5602@test.com,user,user123,Bangalore
4194,douglas tapia,douglas5898@mail.com,user,user123,Hyderabad
4195,Crystal Dominguez,crystal4358@mail.com,user,user123,Delhi
4196,Marcus Thompson,marcus2695@gmail.com,user,user123,Mumbai
4197,David Smith,david6183@test.com,user,user123,Pune
4198,Richard Nelson,richard7554@test.com,user,user123,Bangalore
4199,Rodney Patel,rodney8030@gmail.com,user,user123,Hyderabad
4200,Stephanie Williams,stephanie5283@outlook.com,user,user123,Delhi
